job_id,job_name,salary,job_labels,job_experience,job_degree,city_name,area_district,business_district,brand_name,brand_scale,brand_stage,skills,welfare_list,boss_name,boss_title
2a455eafbdcfd1b203x839y8FVJU,IT行业-招聘专家/专员/双休/急招HR,9-14K·16薪,1-3年 | 本科,1-3年,本科,武汉,洪山区,关山,北京海量数据,1000-9999人,已上市,公司人力资源部门 | 猎头经验 | 综合人力部门 | 不接受居家办公,五险一金 | 补充医疗保险 | 餐补 | 股票期权 | 带薪年假 | 零食下午茶 | 健身房 | 员工旅游 | 节日福利 | 定期体检,刘女士,招聘主管
eb1c09f85a3f7f300nd90ty8GVNT,行政前台专员,7-8K·13薪,经验不限 | 学历不限,经验不限,学历不限,北京,海淀区,学院路,北京海量数据,1000-9999人,已上市,,股票期权 | 零食下午茶 | 健身房 | 五险一金 | 餐补 | 员工旅游 | 带薪年假 | 节日福利 | 补充医疗保险 | 定期体检,孙楚琪,招聘专员
359b61ff27e770440nZ_09u8FVBT,AI效能实习生,150-300元/天,4天/周 | 6个月 | 本科,,本科,广州,天河区,棠下,北京海量数据,1000-9999人,已上市,,股票期权 | 补充医疗保险 | 零食下午茶 | 健身房 | 带薪年假 | 员工旅游 | 餐补 | 节日福利 | 五险一金 | 定期体检,徐女士,人力资源实习生
6cda64f62c1ca1ab1XF83Nm_GVpR,高级dba工程师,15-25K·13薪,经验不限 | 本科,经验不限,本科,武汉,江汉区,常青,北京海量数据,1000-9999人,已上市,Oracle,补充医疗保险 | 带薪年假 | 餐补 | 股票期权 | 零食下午茶 | 员工旅游 | 节日福利 | 健身房 | 五险一金 | 定期体检,徐冰,招聘专员
a7883392f10fbc4f0ndy2ty7GVNW,渠道销售-杭州,11-20K·24薪,3-5年 | 本科,3-5年,本科,杭州,滨江区,长河,北京海量数据,1000-9999人,已上市,,带薪年假 | 员工旅游 | 健身房 | 五险一金 | 补充医疗保险 | 股票期权 | 零食下午茶 | 餐补 | 定期体检 | 节日福利,王女士,招聘专员
be118d01a823613d0ndy39u1ElRV,销售-交通安平医疗国央企教育党政,11-20K·24薪,5-10年 | 本科,5-10年,本科,福州,鼓楼区,东街口,北京海量数据,1000-9999人,已上市,,员工旅游 | 带薪年假 | 健身房 | 定期体检 | 五险一金 | 餐补 | 补充医疗保险 | 节日福利 | 零食下午茶 | 股票期权,张海琴,招聘经理
5f374ca3976f75700ndy2tS9ElNR,大客户销售-上市IT不坐班-上海,10-15K·24薪,1-3年 | 本科,1-3年,本科,上海,长宁区,北新泾,北京海量数据,1000-9999人,已上市,,补充医疗保险 | 股票期权 | 节日福利 | 健身房 | 零食下午茶 | 带薪年假 | 定期体检 | 五险一金 | 员工旅游 | 餐补,路女士,hr
7945628e8be5f7cc0nZ72929F1ZS,城市负责人-嘉兴（24薪）,11-20K·24薪,3-5年 | 本科,3-5年,本科,嘉兴,南湖区,城南,北京海量数据,1000-9999人,已上市,,五险一金 | 补充医疗保险 | 健身房 | 节日福利 | 带薪年假 | 股票期权 | 餐补 | 员工旅游 | 定期体检 | 零食下午茶,何先生,招聘经理
f0a81d8788f6727703Bz3Ni6EVJS,大客户销售（无责底薪0基础带教&上市企业）,12-15K·24薪,经验不限 | 本科,经验不限,本科,武汉,江汉区,常青,北京海量数据,1000-9999人,已上市,大客户销售 | 年轻有冲劲 | 医疗教育政府大企业 | 完整培养体系带教 | 国产化替换,节日福利 | 餐补 | 带薪年假 | 五险一金 | 股票期权 | 定期体检 | 健身房 | 补充医疗保险 | 零食下午茶 | 员工旅游,盛女士,招聘专员
1f0f12615ad124030ndy39u7F1NY,交通行业大客户销售-上市公司不坐班,13-14K·24薪,5-10年 | 本科,5-10年,本科,北京,海淀区,学院路,北京海量数据,1000-9999人,已上市,客户关系维护 | B端市场开发经验 | 交通行业 | 航司 | 空管 | 机场,员工旅游 | 股票期权 | 定期体检 | 补充医疗保险 | 健身房 | 五险一金 | 餐补 | 零食下午茶 | 节日福利 | 带薪年假,陈女士,招聘专家
80351d42158363600nd73d24ElJY,大客户销售-政府/教育/医疗/企业/交通/能源,13-25K·24薪,3-5年 | 本科,3-5年,本科,北京,海淀区,学院路,北京海量数据,1000-9999人,已上市,新客户开发,定期体检 | 员工旅游 | 股票期权 | 五险一金 | 零食下午茶 | 餐补 | 补充医疗保险 | 节日福利 | 健身房 | 带薪年假,熊女士,hr
8418367e4f600e6f0nR63tu9FlNY,产品经理（数据库生态工具负责人）,35-60K,5-10年 | 本科,5-10年,本科,北京,海淀区,二里庄,北京海量数据,1000-9999人,已上市,,五险一金 | 员工旅游 | 节日福利 | 零食下午茶 | 带薪年假 | 定期体检 | 股票期权 | 餐补 | 补充医疗保险 | 健身房,张女士,招聘经理
d3a37ad752843cbb0nV709W8EFRZ,数据库工具业务owner,35-65K·13薪,经验不限 | 本科,经验不限,本科,北京,海淀区,二里庄,北京海量数据,1000-9999人,已上市,,节日福利 | 零食下午茶 | 定期体检 | 健身房 | 带薪年假 | 股票期权 | 补充医疗保险 | 员工旅游 | 餐补 | 五险一金,金女士,招聘经理
56cf68eb1660f2b103x939i-ElVZ,医疗行业大客户经理,15-20K·24薪,3-5年 | 本科,3-5年,本科,长沙,开福区,北辰三角洲,北京海量数据,1000-9999人,已上市,软件/信息化服务销售经验 | 医疗/大健康 | 定制解决方案 | 先进制造 | B端市场开发经验 | 面销/陌拜经验 | 业务开拓能力 | 收集分析市场信息 | 客户关系维护 | 新客户开发 | 计算机相关学历 | 商务谈判技巧 | 市场营销相关学历 | 较多外勤 | 企业服务 | 通信/网络设备 | 制定销售策略和目标 | 软件/SaaS | 互联网/科技,零食下午茶 | 带薪年假 | 五险一金 | 补充医疗保险 | 餐补 | 健身房 | 节日福利 | 股票期权 | 员工旅游 | 定期体检,吴雷波,湖南代表处总经理
9e9711098f438a7803d92tm-GFRR,信创软件大客户销售,12-24K,3-5年 | 本科,3-5年,本科,南京,建邺区,江东,北京海量数据,1000-9999人,已上市,,带薪年假 | 餐补 | 五险一金 | 节日福利 | 股票期权 | 员工旅游 | 补充医疗保险 | 定期体检 | 健身房 | 零食下午茶,潘女士,招聘专家
dbfd15d6e907c08e0nV_0t26E1tZ,AI工具开发,20-35K·13薪,3-5年 | 本科,3-5年,本科,南京,建邺区,江东,北京海量数据,1000-9999人,已上市,,定期体检 | 健身房 | 餐补 | 补充医疗保险 | 五险一金 | 股票期权 | 员工旅游 | 节日福利 | 带薪年假 | 零食下午茶,肖女士,研发招聘
5c3855c2df82442803N63Nm8FFVY,高级客户经理/大客户经理,15-25K·14薪,3-5年 | 本科,3-5年,本科,兰州,城关区,东湖,北京海量数据,1000-9999人,已上市,,五险一金 | 股票期权 | 带薪年假 | 餐补 | 员工旅游 | 健身房 | 零食下午茶 | 节日福利 | 补充医疗保险 | 定期体检,王女士,人事
89e23970f0e256b50nd83N65GFpY,招聘专家,13-22K·24薪,5-10年 | 本科,5-10年,本科,上海,长宁区,北新泾,北京海量数据,1000-9999人,已上市,猎头经验 | 高管招聘经验 | 不接受居家办公,定期体检 | 员工旅游 | 股票期权 | 带薪年假 | 节日福利 | 五险一金 | 零食下午茶 | 餐补 | 补充医疗保险 | 健身房,郭女士,海量数据的HR
d3ca4481edfb55c30nV429S8GVdZ,生态运作支持,12-24K,3-5年 | 本科,3-5年,本科,南昌,红谷滩区,红角洲,北京海量数据,1000-9999人,已上市,ERP/OA/CRM系统 | 云服务 | 其他类型SaaS/PaaS | 生态伙伴 | ISV | to b,零食下午茶 | 节日福利 | 定期体检 | 餐补 | 带薪年假 | 股票期权 | 补充医疗保险 | 员工旅游 | 健身房 | 五险一金,李女士,HR.招聘专员
f6e09093d7d068270nd709m7GVZQ,上市公司-信息化产品—ka销售,15-25K·24薪,3-5年 | 本科,3-5年,本科,珠海,香洲区,拱北,北京海量数据,1000-9999人,已上市,,带薪年假 | 补充医疗保险 | 五险一金 | 餐补 | 零食下午茶 | 股票期权 | 节日福利 | 员工旅游 | 定期体检 | 健身房,吴女士,招聘者
fbafc1ae687f16190nV529i5EltZ,销售经理-上市公司不坐班-航司 轨交 铁路,15-25K·24薪,3-5年 | 本科,3-5年,本科,上海,长宁区,北新泾,北京海量数据,1000-9999人,已上市,,股票期权 | 五险一金 | 零食下午茶 | 定期体检 | 餐补 | 带薪年假 | 节日福利 | 健身房 | 补充医疗保险 | 员工旅游,孙女士,招聘专家
00d86990dd81dc161nR73ti7FVpT,oracle pg mysql数据库工程师,13-18K,3-5年 | 本科,3-5年,本科,上海,长宁区,北新泾,北京海量数据,1000-9999人,已上市,DBA | MySQL | Oracle | OCM | PostgreSQL,节日福利 | 餐补 | 股票期权 | 员工旅游 | 定期体检 | 健身房 | 五险一金 | 零食下午茶 | 补充医疗保险 | 带薪年假,马永志,技术总监
1b4c6e06bf640ee203Zz29m-EFFZ,大客户销售经理/总监-IT信创-上市公司,13-26K·24薪,3-5年 | 本科,3-5年,本科,深圳,南山区,科技园,北京海量数据,1000-9999人,已上市,新客户开发 | 客户关系维护 | 软件/SaaS | 通信/网络设备 | B端市场开发经验 | 软件/信息化服务销售经验 | 信创 | 计算机 | 软件 | 硬件 | IT服务,员工旅游 | 补充医疗保险 | 定期体检 | 零食下午茶 | 健身房 | 五险一金 | 餐补 | 带薪年假 | 股票期权 | 节日福利,张女士,HR
dfe99852ff0ab0870nR-39i6F1RV,数据库文档工程师,15-25K·13薪,5-10年 | 本科,5-10年,本科,西安,雁塔区,高新路,北京海量数据,1000-9999人,已上市,技术文档,餐补 | 补充医疗保险 | 员工旅游 | 节日福利 | 定期体检 | 带薪年假 | 健身房 | 五险一金 | 零食下午茶 | 股票期权,景先生,人才挖猎专家
a0cb76cd30e32e760nd-3N65GVVU,医疗/公安//交通大客户负责人-不坐班,12-20K·24薪,5-10年 | 本科,5-10年,本科,太原,小店区,北营,北京海量数据,1000-9999人,已上市,软件/信息化服务销售经验 | 商务谈判技巧 | B端市场开发经验 | 通信/网络设备 | 软件/SaaS | 业务开拓能力 | 互联网/科技,员工旅游 | 零食下午茶 | 餐补 | 定期体检 | 节日福利 | 补充医疗保险 | 带薪年假 | 股票期权 | 健身房 | 五险一金,余女士,招聘专家
da09ce7431aa4c310nd42Nq0GVdQ,大客户销售（上市企业-信创赛道-领导带教）,10-15K·24薪,1-3年 | 本科,1-3年,本科,北京,海淀区,学院路,北京海量数据,1000-9999人,已上市,,五险一金 | 节日福利 | 定期体检 | 健身房 | 带薪年假 | 员工旅游 | 补充医疗保险 | 餐补 | 股票期权 | 零食下午茶,王志敏,招聘专家
f1f5a784667812420nR92dq7E1ZS,大客户销售-信创（医疗/政府/企业/教育/）,14-25K·24薪,3-5年 | 本科,3-5年,本科,海口,龙华区,滨海大道,北京海量数据,1000-9999人,已上市,软件/信息化服务销售经验 | 文教卫 | B端市场开发经验 | 教育 | 医疗 | 医院 | 党政,五险一金 | 定期体检 | 股票期权 | 餐补 | 带薪年假 | 员工旅游 | 零食下午茶 | 健身房 | 节日福利 | 补充医疗保险,官婷婷,招聘专家
b31c2cede946242803Vy3Nq-FlFQ,交付项目经理(华东),20-35K·13薪,5-10年 | 本科,5-10年,本科,上海,长宁区,北新泾,北京海量数据,1000-9999人,已上市,销售支持/交付管理 | PMP | 系统集成项目管理工程师 | 信息系统项目管理师 | 数据库,补充医疗保险 | 节日福利 | 员工旅游 | 餐补 | 股票期权 | 定期体检 | 带薪年假 | 五险一金 | 健身房 | 零食下午茶,崔杰,技术总监
c060a68009c1b15c1H1y39q_F1RY,测试实习生,150-200元/天,3天/周 | 3个月 | 本科,,本科,成都,锦江区,汪家拐,北京海量数据,1000-9999人,已上市,Java | 计算机相关专业,补充医疗保险 | 定期体检 | 餐补 | 五险一金 | 员工旅游 | 零食下午茶 | 股票期权 | 健身房 | 节日福利 | 带薪年假,杨女士,HR实习生
ae56474a4bf273990nV5092_EFBY,dba高级工程师,17-26K,5-10年 | 本科,5-10年,本科,西安,雁塔区,高新路,北京海量数据,1000-9999人,已上市,,股票期权 | 五险一金 | 定期体检 | 补充医疗保险 | 员工旅游 | 健身房 | 零食下午茶 | 餐补 | 节日福利 | 带薪年假,金焕,招聘者
2b2a4e9c5fb3fdb11HF629-6GVdU,中间件运维工程师,10-15K,3-5年 | 本科,3-5年,本科,北京,海淀区,学院路,北京海量数据,1000-9999人,已上市,Java | Nginx | 实施交付运维 | 系统运维 | 运维开发/DevOps | 运维开发经验 | Python/Shell | 计算机相关专业 | 运维经验,餐补 | 五险一金 | 零食下午茶 | 定期体检 | 补充医疗保险 | 员工旅游 | 股票期权 | 节日福利 | 带薪年假 | 健身房,裴永智,技术总监
74e791ba6690f65c03B-3Nq7GVpV,数据库内核研发工程师,25-40K·13薪,3-5年 | 本科,3-5年,本科,广州,天河区,棠下,北京海量数据,1000-9999人,已上市,C++ | MySQL | PostgreSQL | 架构设计经验 | 数据库开发经验 | 编译器开发经验,股票期权 | 定期体检 | 员工旅游 | 节日福利 | 餐补 | 补充医疗保险 | 带薪年假 | 五险一金 | 健身房 | 零食下午茶,蒲境瑞,数据库内核研发工程师
bcd2db14ea4b0b880nd_2t67EFZX,保密专员,14-15K·13薪,1-3年 | 本科,1-3年,本科,北京,海淀区,学院路,北京海量数据,1000-9999人,已上市,,五险一金 | 补充医疗保险 | 员工旅游 | 股票期权 | 带薪年假 | 定期体检 | 餐补 | 零食下午茶 | 节日福利 | 健身房,孙楚琪,招聘专员
2027f54d57d21ad80nd42d69F1VU,销售 公检法司/教育/医疗/高校/粤东医疗,11-20K·24薪,5-10年 | 本科,5-10年,本科,深圳,南山区,科技园,北京海量数据,1000-9999人,已上市,,零食下午茶 | 补充医疗保险 | 带薪年假 | 股票期权 | 定期体检 | 节日福利 | 餐补 | 健身房 | 五险一金 | 员工旅游,张海琴,招聘经理
6cf688d2b288780c0nZ72924GVJZ,城市负责人-芜湖（24薪）,11-20K·24薪,3-5年 | 本科,3-5年,本科,芜湖,鸠江区,城东新区,北京海量数据,1000-9999人,已上市,,五险一金 | 定期体检 | 零食下午茶 | 员工旅游 | 餐补 | 节日福利 | 股票期权 | 带薪年假 | 补充医疗保险 | 健身房,何先生,招聘经理
c8a5c2d8bdf278170nVy39S6E1pS,渠道销售-上海,11-20K·24薪,1-3年 | 本科,1-3年,本科,上海,长宁区,北新泾,北京海量数据,1000-9999人,已上市,具有线下渠道销售经验 | 较强的商务谈判能力 | 较强的渠道拓展能力 | 硬件/网络设备 | 较强的沟通协调能力 | 较强的市场分析能力 | 软件/SaaS | 渠道/机构客户开发 | 渠道关系维护,节日福利 | 股票期权 | 定期体检 | 带薪年假 | 五险一金 | 餐补 | 健身房 | 补充医疗保险 | 零食下午茶 | 员工旅游,王女士,招聘专员
f965ac170af657c30nZ52d27FFdT,烟草-信创软件-销售（无责底薪&上市企业）,15-20K·24薪,3-5年 | 本科,3-5年,本科,南京,建邺区,江东,北京海量数据,1000-9999人,已上市,,餐补 | 定期体检 | 零食下午茶 | 健身房 | 带薪年假 | 补充医疗保险 | 节日福利 | 股票期权 | 五险一金 | 员工旅游,盛女士,招聘专员
cbe53c095c01729603J429S_EFZQ,数据库运维工程师（初中级）,10-15K·13薪,经验不限 | 本科,经验不限,本科,北京,海淀区,五道口,北京海量数据,1000-9999人,已上市,,零食下午茶 | 带薪年假 | 节日福利 | 五险一金 | 补充医疗保险 | 员工旅游 | 餐补 | 定期体检 | 股票期权 | 健身房,徐冰,招聘专员
bf61632b3ac3dec20nV939y0GFpZ,研发AI效能工程师,20-40K·13薪,经验不限 | 本科,经验不限,本科,南京,建邺区,江东,北京海量数据,1000-9999人,已上市,,补充医疗保险 | 员工旅游 | 股票期权 | 餐补 | 带薪年假 | 节日福利 | 零食下午茶 | 五险一金 | 定期体检 | 健身房,金女士,招聘经理
a7f0631cba84c0bd0nZ-29-1GVJR,大客户销售-IT不坐班-云南昆明,10-15K·24薪,5-10年 | 本科,5-10年,本科,昆明,呈贡区,龙城,北京海量数据,1000-9999人,已上市,,五险一金 | 带薪年假 | 定期体检 | 餐补 | 健身房 | 股票期权 | 员工旅游 | 节日福利 | 零食下午茶 | 补充医疗保险,路女士,hr
3e907565d5a9e05a0nd-3dy6EFtV,大客户销售-政府/教育/医疗/企业/交通等,11-20K·24薪,3-5年 | 本科,3-5年,本科,海口,秀英区,西海岸,北京海量数据,1000-9999人,已上市,,五险一金 | 零食下午茶 | 健身房 | 股票期权 | 补充医疗保险 | 定期体检 | 餐补 | 节日福利 | 带薪年假 | 员工旅游,熊女士,hr
b6911fc6530de7aa0nd-0tq9FVFV,湖南军工行业大客户销售-上市公司不坐班,15-30K,5-10年 | 本科,5-10年,本科,长沙,芙蓉区,韭菜园,北京海量数据,1000-9999人,已上市,,员工旅游 | 餐补 | 节日福利 | 定期体检 | 带薪年假 | 健身房 | 零食下午茶 | 股票期权 | 补充医疗保险 | 五险一金,陈女士,招聘专家
616b32877e4120cc0nZ_09y7FFtZ,C/C++开发工程师,15-28K,在校/应届 | 本科,在校/应届,本科,西安,雁塔区,高新路,北京海量数据,1000-9999人,已上市,,节日福利 | 定期体检 | 带薪年假 | 零食下午茶 | 补充医疗保险 | 五险一金 | 员工旅游 | 健身房 | 餐补 | 股票期权,徐女士,人力资源实习生
b963a81f9aeac2f40nZ809m_EVFZ,信创软件大客户销售,12-24K,3-5年 | 本科,3-5年,本科,北京,海淀区,学院路,北京海量数据,1000-9999人,已上市,,股票期权 | 补充医疗保险 | 五险一金 | 员工旅游 | 带薪年假 | 节日福利 | 餐补 | 定期体检 | 零食下午茶 | 健身房,潘女士,招聘专家
d5b8d152c3aad65c0nV50tu4GFFU,生态BD,12-24K,3-5年 | 本科,3-5年,本科,南昌,红谷滩区,红角洲,北京海量数据,1000-9999人,已上市,TO B | TO G | IT | 信创,节日福利 | 补充医疗保险 | 餐补 | 健身房 | 带薪年假 | 员工旅游 | 零食下午茶 | 定期体检 | 股票期权 | 五险一金,李女士,HR.招聘专员
fa62038cb0f8203f0nV_0t26GFFZ,AI工具开发,20-35K·13薪,3-5年 | 本科,3-5年,本科,西安,雁塔区,高新路,北京海量数据,1000-9999人,已上市,,员工旅游 | 节日福利 | 股票期权 | 带薪年假 | 健身房 | 零食下午茶 | 定期体检 | 五险一金 | 补充医疗保险 | 餐补,肖女士,研发招聘
f1bcd8194ab13f3a031_39u1E1dX,招聘专家（上市公司）,11-18K·16薪,5-10年 | 本科,5-10年,本科,成都,武侯区,桂溪,北京海量数据,1000-9999人,已上市,公司人力资源部门 | 猎头经验 | 高管招聘经验 | 不接受居家办公,定期体检 | 股票期权 | 带薪年假 | 补充医疗保险 | 餐补 | 健身房 | 节日福利 | 五险一金 | 零食下午茶 | 员工旅游,郭女士,海量数据的HR
b4d0c5153a11f7ed0nd709m4E1BX,上市公司-信创产品-ka销售,15-25K·24薪,3-5年 | 本科,3-5年,本科,佛山,禅城区,石湾,北京海量数据,1000-9999人,已上市,,股票期权 | 节日福利 | 员工旅游 | 五险一金 | 零食下午茶 | 餐补 | 定期体检 | 健身房 | 带薪年假 | 补充医疗保险,吴女士,招聘者
c6e78db43faba73503x-0t-7GFpX,军工行业销售经理,15-25K·14薪,5-10年 | 本科,5-10年,本科,西安,雁塔区,高新路,北京海量数据,1000-9999人,已上市,,健身房 | 定期体检 | 带薪年假 | 补充医疗保险 | 节日福利 | 餐补 | 零食下午茶 | 股票期权 | 五险一金 | 员工旅游,王女士,人事
785bd2e4d905bc2d03xy0tS6EFRR,IT上市企业-信创软件-大客户销售经理,13-26K,3-5年 | 本科,3-5年,本科,杭州,上城区,钱江新城,北京海量数据,1000-9999人,已上市,,定期体检 | 股票期权 | 带薪年假 | 员工旅游 | 零食下午茶 | 餐补 | 补充医疗保险 | 节日福利 | 五险一金 | 健身房,刘女士,招聘主管
7347e4471fe355a10nV53N27EVRR,销售经理-上市公司不坐班-国防 军工,12-24K·24薪,3-5年 | 本科,3-5年,本科,北京,,,北京海量数据,1000-9999人,已上市,,员工旅游 | 五险一金 | 定期体检 | 零食下午茶 | 餐补 | 健身房 | 节日福利 | 补充医疗保险 | 带薪年假 | 股票期权,孙女士,招聘专家
e44b3aba576f267c0nd629S9GFZY,（企业客户）销售总监-信创-不坐班不打卡,15-25K·24薪,5-10年 | 本科,5-10年,本科,成都,武侯区,桂溪,北京海量数据,1000-9999人,已上市,,五险一金 | 餐补 | 股票期权 | 带薪年假 | 零食下午茶 | 节日福利 | 员工旅游 | 补充医疗保险 | 定期体检 | 健身房,余女士,招聘专家
69eb5e77eaa59e9103R-3tu-F1BU,大客户销售经理-IT信创-主板上市,12-24K·24薪,1-3年 | 本科,1-3年,本科,广州,天河区,天河公园,北京海量数据,1000-9999人,已上市,IT服务 | 软件/企业服务产品 | 对企业/机构（To B）销售经验 | 企业（To B） | 面销/陌拜经验 | 计算机软件 | 计算机硬件,员工旅游 | 定期体检 | 股票期权 | 带薪年假 | 补充医疗保险 | 零食下午茶 | 餐补 | 节日福利 | 健身房 | 五险一金,张女士,HR
9baf9e10ba4ea66203x40961GVZT,销售经理,10-15K·24薪,3-5年 | 本科,3-5年,本科,长沙,开福区,北辰三角洲,北京海量数据,1000-9999人,已上市,面销/陌拜 | 政府/社会团体 | 软件/企业服务产品 | 医疗/大健康 | 先进制造 | 对企业/机构（To B）销售经验 | 企业服务 | 企业（To B） | 面销/陌拜经验 | 互联网/科技 | O2O | 其他行业,五险一金 | 员工旅游 | 零食下午茶 | 定期体检 | 带薪年假 | 健身房 | 餐补 | 节日福利 | 股票期权 | 补充医疗保险,吴雷波,湖南代表处总经理
04669787693293e4031z39y6FVJW,大客户销售-信创（政府/企业/教育/医疗）,14-20K·24薪,3-5年 | 本科,3-5年,本科,福州,鼓楼区,东街口,北京海量数据,1000-9999人,已上市,信创 | 集成 | 软件/SaaS | 交通 | 信息化 | 党政,定期体检 | 补充医疗保险 | 带薪年假 | 五险一金 | 零食下午茶 | 员工旅游 | 健身房 | 节日福利 | 餐补 | 股票期权,官婷婷,招聘专家
01c2c9c990e3d8880nR63ti6GFdX,产品经理（数据库生态工具负责人）,30-60K,5-10年 | 本科,5-10年,本科,广州,天河区,天河公园,北京海量数据,1000-9999人,已上市,,节日福利 | 带薪年假 | 定期体检 | 五险一金 | 员工旅游 | 补充医疗保险 | 餐补 | 股票期权 | 零食下午茶 | 健身房,张女士,招聘经理
82961a26b100c26903R-29y8GVZW,数据库产品经理,30-45K,5-10年 | 本科,5-10年,本科,广州,天河区,棠下,北京海量数据,1000-9999人,已上市,B端产品,餐补 | 健身房 | 零食下午茶 | 定期体检 | 带薪年假 | 补充医疗保险 | 节日福利 | 五险一金 | 股票期权 | 员工旅游,景先生,人才挖猎专家
6e9467ee7b6b39510ndy29u7GVVX,国网大客户销售（上市企业-信创国产化）,15-25K·24薪,5-10年 | 本科,5-10年,本科,北京,海淀区,学院路,北京海量数据,1000-9999人,已上市,B端市场开发经验 | 软件/信息化服务销售经验,定期体检 | 带薪年假 | 员工旅游 | 补充医疗保险 | 五险一金 | 健身房 | 节日福利 | 股票期权 | 零食下午茶 | 餐补,王志敏,招聘专家
2980a40827eef2161H153t-9F1dT,C/C++开发工程师,22-30K·15薪,在校/应届 | 硕士,在校/应届,硕士,天津,河西区,大营门,北京海量数据,1000-9999人,已上市,C++ | C,健身房 | 补充医疗保险 | 定期体检 | 股票期权 | 员工旅游 | 五险一金 | 节日福利 | 零食下午茶 | 带薪年假 | 餐补,杨女士,HR实习生
e86e1eab08b56f4803V_39S8GFFZ,数据库工程师,20-35K·13薪,5-10年 | 本科,5-10年,本科,上海,长宁区,北新泾,北京海量数据,1000-9999人,已上市,项目经理 | DBA工作经验 | Docker | PostgreSQL | 数据库工程交付经验 | 项目管理 | Oracle,员工旅游 | 健身房 | 餐补 | 股票期权 | 定期体检 | 零食下午茶 | 带薪年假 | 补充医疗保险 | 五险一金 | 节日福利,崔杰,技术总监
d6dd5afafe3157491nR43d6-FFtR,数据库工程师,11-20K,经验不限 | 本科,经验不限,本科,济南,历城区,经十东路,北京海量数据,1000-9999人,已上市,DBA | PostgreSQL | MySQL | OCM | SQL Server | Oracle,股票期权 | 补充医疗保险 | 定期体检 | 健身房 | 五险一金 | 员工旅游 | 带薪年假 | 零食下午茶 | 餐补 | 节日福利,裴永智,技术总监
d9260022c34d4eb60nd42d-0EFZX,销售 公检法司/教育/医疗/教育局/考试院,11-20K·24薪,5-10年 | 本科,5-10年,本科,广州,天河区,天河公园,北京海量数据,1000-9999人,已上市,,健身房 | 节日福利 | 定期体检 | 员工旅游 | 带薪年假 | 五险一金 | 股票期权 | 餐补 | 零食下午茶 | 补充医疗保险,张海琴,招聘经理
d7ead918120bb5ae0nZ60tS5EVtR,行业负责人-安平方向（24薪）,15-30K·24薪,5-10年 | 本科,5-10年,本科,杭州,西湖区,西溪,北京海量数据,1000-9999人,已上市,,股票期权 | 五险一金 | 带薪年假 | 节日福利 | 补充医疗保险 | 员工旅游 | 定期体检 | 餐补 | 零食下午茶 | 健身房,何先生,招聘经理
96268ee02cee68a3031y2Nq9FFBU,dba,10-15K·13薪,1-3年 | 本科,1-3年,本科,北京,朝阳区,高碑店,北京海量数据,1000-9999人,已上市,,补充医疗保险 | 餐补 | 定期体检 | 股票期权 | 带薪年假 | 零食下午茶 | 五险一金 | 节日福利 | 健身房 | 员工旅游,孙楚琪,招聘专员
7ad4766503171b2d0nd429y_GFpT,渠道销售-深圳,15-16K·24薪,3-5年 | 本科,3-5年,本科,深圳,龙岗区,平湖,北京海量数据,1000-9999人,已上市,,股票期权 | 定期体检 | 零食下午茶 | 节日福利 | 餐补 | 带薪年假 | 员工旅游 | 五险一金 | 补充医疗保险 | 健身房,王女士,招聘专员
044e0a1e0c5ce7c20nV92tS-FFtR,大客户销售-安平/医疗/交通/晋南地市方向,10-15K·24薪,3-5年 | 本科,3-5年,本科,太原,小店区,北营,北京海量数据,1000-9999人,已上市,软件/信息化服务销售经验 | 较多外勤 | B端市场开发经验 | 制定销售策略和目标 | 软件/SaaS | 业务开拓能力 | 互联网/科技 | 客户关系维护 | 新客户开发,健身房 | 补充医疗保险 | 带薪年假 | 五险一金 | 餐补 | 定期体检 | 员工旅游 | 节日福利 | 股票期权 | 零食下午茶,熊女士,hr
1d81bb94a64cd99e0nR73t--GFBZ,数据库内核架构师,35-65K,经验不限 | 本科,经验不限,本科,南京,建邺区,江东,北京海量数据,1000-9999人,已上市,,带薪年假 | 餐补 | 健身房 | 股票期权 | 员工旅游 | 零食下午茶 | 定期体检 | 节日福利 | 五险一金 | 补充医疗保险,金女士,招聘经理
1882b85f02502d5803V63N68GFtT,大客户销售-IT不坐班,8-13K·24薪,3-5年 | 本科,3-5年,本科,哈尔滨,南岗区,新春,北京海量数据,1000-9999人,已上市,软件/信息化服务销售经验 | B端市场开发经验 | 软件/SaaS | 新客户开发,带薪年假 | 补充医疗保险 | 员工旅游 | 股票期权 | 定期体检 | 零食下午茶 | 餐补 | 节日福利 | 五险一金 | 健身房,路女士,hr
d870d6e877ca9ae90nd709i9FVpR,上市公司-信息化产品-ka销售,15-25K·24薪,3-5年 | 本科,3-5年,本科,东莞,凤岗镇,平湖,北京海量数据,1000-9999人,已上市,,节日福利 | 五险一金 | 员工旅游 | 定期体检 | 补充医疗保险 | 餐补 | 股票期权 | 带薪年假 | 零食下午茶 | 健身房,吴女士,招聘者
fc79acffc0659b0f0nV50tq7FldY,数据库工程师（初中级）,18-22K·13薪,经验不限 | 本科,经验不限,本科,广州,天河区,天河公园,北京海量数据,1000-9999人,已上市,,五险一金 | 零食下午茶 | 股票期权 | 补充医疗保险 | 员工旅游 | 餐补 | 健身房 | 节日福利 | 定期体检 | 带薪年假,徐冰,招聘专员
8c40f52156191f100nV529i-FlZV,销售经理/总监-上市公司-不坐班-交通行业,15-25K·24薪,3-5年 | 本科,3-5年,本科,北京,,,北京海量数据,1000-9999人,已上市,,股票期权 | 餐补 | 健身房 | 员工旅游 | 补充医疗保险 | 五险一金 | 带薪年假 | 零食下午茶 | 节日福利 | 定期体检,孙女士,招聘专家
d4aa55366dc2604503N_29u8F1tV,行业销售经理（政府、医疗、交通）,15-25K·14薪,5-10年 | 本科,5-10年,本科,克拉玛依,克拉玛依区,三福商圈,北京海量数据,1000-9999人,已上市,软件/信息化服务销售经验 | B端市场开发经验 | 软件/SaaS,零食下午茶 | 五险一金 | 定期体检 | 股票期权 | 餐补 | 员工旅游 | 节日福利 | 带薪年假 | 补充医疗保险 | 健身房,王女士,人事
9e3496fdb41e10610nZ429u8EFpS,信创软件-大客户销售（无责底薪&上市企业）,12-24K·24薪,3-5年 | 本科,3-5年,本科,昆明,官渡区,昆明站,北京海量数据,1000-9999人,已上市,,股票期权 | 补充医疗保险 | 零食下午茶 | 带薪年假 | 员工旅游 | 五险一金 | 健身房 | 节日福利 | 餐补 | 定期体检,盛女士,招聘专员
7b278ef78da4233d03d72N-0FlFY,数据库测试-中高级/专家,20-40K,5-10年 | 本科,5-10年,本科,南京,建邺区,江东,北京海量数据,1000-9999人,已上市,,健身房 | 餐补 | 定期体检 | 股票期权 | 员工旅游 | 带薪年假 | 补充医疗保险 | 零食下午茶 | 节日福利 | 五险一金,肖女士,研发招聘
27964e4ecb2cc39b0nd-3Nq-EVFW,军工行业大客户销售经理-上市公司不坐班,15-30K·24薪,5-10年 | 本科,5-10年,本科,上海,长宁区,北新泾,北京海量数据,1000-9999人,已上市,企业（To B） | 对企业/机构（To B）销售经验 | 军工央企 | IT行业软硬件,五险一金 | 补充医疗保险 | 健身房 | 股票期权 | 员工旅游 | 带薪年假 | 餐补 | 节日福利 | 零食下午茶 | 定期体检,陈女士,招聘专家
ef452a3dbd4ecafd0nd52dq6FFdT,教育/公安/企业/高速大客户负责人-不坐班,12-20K·24薪,5-10年 | 本科,5-10年,本科,石家庄,长安区,跃进,北京海量数据,1000-9999人,已上市,软件/信息化服务销售经验 | 商务谈判技巧 | B端市场开发经验 | 通信/网络设备 | 软件/SaaS | 业务开拓能力 | 互联网/科技,定期体检 | 五险一金 | 健身房 | 餐补 | 零食下午茶 | 带薪年假 | 员工旅游 | 补充医疗保险 | 股票期权 | 节日福利,余女士,招聘专家
4228c1b1b1d55c3a03Ry2Nq4EVVR,大客户销售经理-IT信创行业-领导带教,11-20K·24薪,1-3年 | 本科,1-3年,本科,北京,海淀区,二里庄,北京海量数据,1000-9999人,已上市,软件/信息化服务销售经验 | 较多外勤 | B端市场开发经验 | 面销/陌拜经验 | 软件/SaaS | 客户关系维护 | 新客户开发,餐补 | 零食下午茶 | 健身房 | 带薪年假 | 股票期权 | 五险一金 | 员工旅游 | 补充医疗保险 | 节日福利 | 定期体检,张女士,HR
e8907badd66f5d3c0nRz0tm6FVRU,客户经理,15-20K·14薪,1-3年 | 本科,1-3年,本科,青岛,市北区,敦化路,北京海量数据,1000-9999人,已上市,政府/社会团体 | 安平 | 轨道交通 | 医疗 | 生态 | IT,健身房 | 补充医疗保险 | 定期体检 | 五险一金 | 节日福利 | 餐补 | 带薪年假 | 股票期权 | 零食下午茶 | 员工旅游,李女士,HR.招聘专员
984d9a0b1cb126a003By3Nm9FltU,IT上市企业-信创软件-销售经理,13-26K,3-5年 | 本科,3-5年,本科,南京,建邺区,江东,北京海量数据,1000-9999人,已上市,面销/陌拜经验 | 软件/企业服务产品 | 面销/陌拜,定期体检 | 餐补 | 节日福利 | 员工旅游 | 五险一金 | 补充医疗保险 | 健身房 | 零食下午茶 | 带薪年假 | 股票期权,刘女士,招聘主管
0719358ffef43c640nR63tu9EVNS,产品经理（数据库工具负责人）,30-60K,5-10年 | 本科,5-10年,本科,南京,建邺区,江东,北京海量数据,1000-9999人,已上市,B端产品 | 数据库产品,带薪年假 | 零食下午茶 | 五险一金 | 股票期权 | 定期体检 | 健身房 | 补充医疗保险 | 员工旅游 | 餐补 | 节日福利,张女士,招聘经理
1342017dde72b96e03d43dq9GVVX,信创软件-大客户销售（无责底薪&上市企业）,12-24K·24薪,3-5年 | 本科,3-5年,本科,上海,长宁区,北新泾,北京海量数据,1000-9999人,已上市,较多外勤 | 制定销售策略和目标 | 软件/SaaS | 互联网/科技 | 客户关系维护 | 新客户开发,定期体检 | 带薪年假 | 节日福利 | 股票期权 | 五险一金 | 零食下午茶 | 餐补 | 员工旅游 | 补充医疗保险 | 健身房,潘女士,招聘专家
435989e4145e8a180nZ_0tW7FlRS,渠道经理（生态）,12-18K·24薪,1-3年 | 本科,1-3年,本科,福州,鼓楼区,东街口,北京海量数据,1000-9999人,已上市,BD | 集成 | 硬件/网络设备 | 软件/SaaS | 生态 | ISV | 渠道/机构客户开发 | 渠道,定期体检 | 补充医疗保险 | 五险一金 | 股票期权 | 节日福利 | 零食下午茶 | 带薪年假 | 餐补 | 员工旅游 | 健身房,官婷婷,招聘专家
a023a1a5552ed45f031_39u6E1FY,招聘专家（上市公司-大客户销售招聘）,12-22K·16薪,3-5年 | 本科,3-5年,本科,北京,海淀区,二里庄,北京海量数据,1000-9999人,已上市,猎头经验 | 高管招聘经验 | 企业服务 | 制造业 | 教育 | 金融 | 不接受居家办公,定期体检 | 健身房 | 补充医疗保险 | 五险一金 | 带薪年假 | 节日福利 | 股票期权 | 餐补 | 员工旅游 | 零食下午茶,郭女士,海量数据的HR
80828f0d71f76be30nZ_09y4E1dV,C/C++开发工程师,15-28K,在校/应届 | 本科,在校/应届,本科,广州,天河区,棠下,北京海量数据,1000-9999人,已上市,C# | C++ | C,带薪年假 | 零食下午茶 | 定期体检 | 股票期权 | 五险一金 | 节日福利 | 餐补 | 健身房 | 补充医疗保险 | 员工旅游,徐女士,人力资源实习生
ce9d005f83bee08503R-2921F1RV,数据库内核研发工程师,28-45K,3-5年 | 本科,3-5年,本科,天津,南开区,王顶堤,北京海量数据,1000-9999人,已上市,C++ | C# | MySQL | 架构设计经验,五险一金 | 健身房 | 定期体检 | 股票期权 | 餐补 | 员工旅游 | 带薪年假 | 节日福利 | 零食下午茶 | 补充医疗保险,景先生,人才挖猎专家
b8ad6d8d8dbfecc403x939i_FVNR,行业渠道经理,10-15K·24薪,1-3年 | 本科,1-3年,本科,长沙,开福区,北辰三角洲,北京海量数据,1000-9999人,已上市,代理商/经销商招募 | 较强的商务谈判能力 | 较强的渠道拓展能力 | 具有渠道运营管理经验 | 较强的沟通协调能力 | 硬件/网络设备 | 代理商体系搭建 | 渠道/机构客户开发 | 渠道关系维护 | 具有线下渠道销售经验 | 具有硬件/通信从业经验 | 渠道运营管理 | 企业服务 | 软件/SaaS,五险一金 | 股票期权 | 定期体检 | 节日福利 | 带薪年假 | 补充医疗保险 | 员工旅游 | 餐补 | 零食下午茶 | 健身房,吴雷波,湖南代表处总经理
204194f988b9e9c91H1539W4FlZW,C/C++开发工程师,22-30K·15薪,在校/应届 | 硕士,在校/应届,硕士,广州,天河区,天河公园,北京海量数据,1000-9999人,已上市,C++ | C,员工旅游 | 补充医疗保险 | 零食下午茶 | 定期体检 | 股票期权 | 健身房 | 节日福利 | 五险一金 | 餐补 | 带薪年假,杨女士,HR实习生
ebce891d3ce388520nZ_09m1F1JY,大客户销售（上市公司-信创国产化-JG）,20-30K,3-5年 | 本科,3-5年,本科,乌鲁木齐,水磨沟区,六道湾,北京海量数据,1000-9999人,已上市,制定销售策略和目标 | 新客户开发,补充医疗保险 | 健身房 | 定期体检 | 股票期权 | 带薪年假 | 节日福利 | 零食下午茶 | 五险一金 | 员工旅游 | 餐补,王志敏,招聘专家
7fca362b204721c30nZ60tS7FlZQ,城市负责人-金华&衢州（24薪）,11-20K·24薪,3-5年 | 本科,3-5年,本科,金华,婺城区,三路口,北京海量数据,1000-9999人,已上市,,补充医疗保险 | 员工旅游 | 零食下午茶 | 定期体检 | 节日福利 | 五险一金 | 健身房 | 带薪年假 | 股票期权 | 餐补,何先生,招聘经理
945d35bc4b72a0bc0nZy39m-GFNT,生态合作经理-上市公司/信创/AI 软件,11-18K·24薪,1-3年 | 本科,1-3年,本科,广州,天河区,珠江新城,北京海量数据,1000-9999人,已上市,,股票期权 | 餐补 | 定期体检 | 带薪年假 | 五险一金 | 员工旅游 | 健身房 | 节日福利 | 零食下午茶 | 补充医疗保险,张海琴,招聘经理
63f876e0b92e32920nV929S_FVJS,行业专家/行业技术工程师/售前工程师,20-35K,1-3年 | 本科,1-3年,本科,北京,海淀区,学院路,北京海量数据,1000-9999人,已上市,,五险一金 | 带薪年假 | 定期体检 | 节日福利 | 员工旅游 | 补充医疗保险 | 餐补 | 零食下午茶 | 股票期权 | 健身房,孙楚琪,招聘专员
2479e4c171c4d88e0nd42920GFVV,生态经理-北京,11-20K·24薪,3-5年 | 本科,3-5年,本科,北京,海淀区,学院路,北京海量数据,1000-9999人,已上市,,节日福利 | 股票期权 | 补充医疗保险 | 餐补 | 五险一金 | 零食下午茶 | 健身房 | 员工旅游 | 带薪年假 | 定期体检,王女士,招聘专员
dc55b542192283ea031_3tW8ElBY,数据库内核开发专家（CPU-性能优化方向）,28-55K·13薪,经验不限 | 本科,经验不限,本科,西安,雁塔区,电子城,北京海量数据,1000-9999人,已上市,,带薪年假 | 定期体检 | 健身房 | 餐补 | 零食下午茶 | 补充医疗保险 | 五险一金 | 员工旅游 | 股票期权 | 节日福利,金女士,招聘经理
2ca571f32a2345710nd809W5FFpZ,DBA,15-22K·13薪,经验不限 | 本科,经验不限,本科,重庆,巴南区,鱼洞,北京海量数据,1000-9999人,已上市,,五险一金 | 补充医疗保险 | 健身房 | 节日福利 | 定期体检 | 员工旅游 | 零食下午茶 | 股票期权 | 餐补 | 带薪年假,徐冰,招聘专员
a7adf0ba0da5247503d-0969FVZX,大客户销售-IT不坐班-沈阳,10-15K·24薪,3-5年 | 本科,3-5年,本科,沈阳,浑南区,奥体,北京海量数据,1000-9999人,已上市,软件/SaaS | 互联网/科技,员工旅游 | 股票期权 | 餐补 | 五险一金 | 定期体检 | 带薪年假 | 零食下午茶 | 节日福利 | 健身房 | 补充医疗保险,路女士,hr
67626692e063c21703N_29u1FlVW,大客户代表,15-25K·14薪,3-5年 | 本科,3-5年,本科,哈密,伊州区,火箭农场,北京海量数据,1000-9999人,已上市,,健身房 | 补充医疗保险 | 零食下午茶 | 股票期权 | 定期体检 | 五险一金 | 带薪年假 | 员工旅游 | 餐补 | 节日福利,王女士,人事
61b8d55445ebfa010nV80t26EFRQ,销售经理-上市公司不坐班-轨交 公路 航司,11-22K,3-5年 | 本科,3-5年,本科,广州,天河区,棠下,北京海量数据,1000-9999人,已上市,公路 | 机场 | 城市道路 | 轨交 | 航司,五险一金 | 员工旅游 | 定期体检 | 零食下午茶 | 带薪年假 | 健身房 | 餐补 | 股票期权 | 节日福利 | 补充医疗保险,孙女士,招聘专家
aafe53a482644f190ndy3NS4GFtS,公安行业大客户负责人-不坐班,12-20K·24薪,5-10年 | 本科,5-10年,本科,石家庄,长安区,跃进,北京海量数据,1000-9999人,已上市,软件/信息化服务销售经验 | 商务谈判技巧 | B端市场开发经验 | 通信/网络设备 | 软件/SaaS | 业务开拓能力 | 互联网/科技,五险一金 | 餐补 | 节日福利 | 股票期权 | 定期体检 | 补充医疗保险 | 零食下午茶 | 员工旅游 | 带薪年假 | 健身房,余女士,招聘专家
0506d598ffa98bca0nZ83Nm0FlZU,大客户销售经理【上市公司-信创产品-GIS】,15-25K·24薪,5-10年 | 本科,5-10年,本科,广州,天河区,棠下,北京海量数据,1000-9999人,已上市,,员工旅游 | 五险一金 | 定期体检 | 带薪年假 | 节日福利 | 补充医疗保险 | 健身房 | 股票期权 | 餐补 | 零食下午茶,吴女士,招聘者
c2e5bef2ced0a3010nd-3Nm7EVpW,大客户销售-上市公司-可接受应届,12-20K,1-3年 | 本科,1-3年,本科,北京,海淀区,清河,北京海量数据,1000-9999人,已上市,企业（To B） | 对企业/机构（To B）销售经验 | 软件 | 信息化,定期体检 | 节日福利 | 股票期权 | 补充医疗保险 | 员工旅游 | 健身房 | 带薪年假 | 餐补 | 零食下午茶 | 五险一金,李女士,HR.招聘专员
4067e2197ebe36710nV_0ty4FlNT,AI工具开发/架构师,30-60K·13薪,3-5年 | 本科,3-5年,本科,北京,海淀区,苏州桥,北京海量数据,1000-9999人,已上市,,健身房 | 补充医疗保险 | 员工旅游 | 股票期权 | 五险一金 | 节日福利 | 带薪年假 | 餐补 | 零食下午茶 | 定期体检,肖女士,研发招聘
702021d182cf1ca20nd83N-5EVZW,西南央国企行业大客户销售-上市公司不坐班,15-30K,5-10年 | 本科,5-10年,本科,成都,武侯区,桂溪,北京海量数据,1000-9999人,已上市,B端市场开发经验 | 军工行业 | 央国企行业客户资源 | IT行业,健身房 | 补充医疗保险 | 定期体检 | 带薪年假 | 员工旅游 | 五险一金 | 股票期权 | 节日福利 | 餐补 | 零食下午茶,陈女士,招聘专家
9df855b164a06a6a0nVy2t29FVZQ,数据库内核开发专家/架构师,35-65K,5-10年 | 本科,5-10年,本科,南京,建邺区,江东,北京海量数据,1000-9999人,已上市,C++ | C | 数据库开发经验,五险一金 | 补充医疗保险 | 带薪年假 | 股票期权 | 餐补 | 员工旅游 | 健身房 | 节日福利 | 定期体检 | 零食下午茶,张女士,招聘经理
f0b2a781ecd5328203x63N-9FlRT,大客户销售-教育高校方向,11-20K·24薪,3-5年 | 本科,3-5年,本科,上海,长宁区,北新泾,北京海量数据,1000-9999人,已上市,软件/信息化服务销售经验 | 较多外勤 | B端市场开发经验 | 制定销售策略和目标 | 软件/SaaS | 业务开拓能力 | 互联网/科技 | 客户关系维护 | 新客户开发,补充医疗保险 | 零食下午茶 | 节日福利 | 带薪年假 | 员工旅游 | 定期体检 | 五险一金 | 股票期权 | 健身房 | 餐补,熊女士,hr
d72bb0a8c93cdf790nZ_09y6FlRU,C/C++开发工程师,15-28K,在校/应届 | 本科,在校/应届,本科,天津,南开区,王顶堤,北京海量数据,1000-9999人,已上市,C++ | C | MySQL,餐补 | 补充医疗保险 | 节日福利 | 零食下午茶 | 带薪年假 | 健身房 | 定期体检 | 五险一金 | 员工旅游 | 股票期权,徐女士,人力资源实习生
2ab392165461253a0nZ_0tS5GFVT,渠道经理（生态）,12-18K·24薪,1-3年 | 本科,1-3年,本科,南宁,,,北京海量数据,1000-9999人,已上市,BD | 集成 | 硬件/网络设备 | 软件/SaaS | 生态 | ISV | 渠道 | 渠道关系维护,五险一金 | 员工旅游 | 补充医疗保险 | 节日福利 | 带薪年假 | 定期体检 | 健身房 | 股票期权 | 零食下午茶 | 餐补,官婷婷,招聘专家
d451456e9b26534003d43du1EVVU,信创软件-大客户销售,12-24K·24薪,3-5年 | 本科,3-5年,本科,杭州,上城区,乔司,北京海量数据,1000-9999人,已上市,软件/信息化服务销售经验 | 较多外勤 | B端市场开发经验 | 制定销售策略和目标 | 软件/SaaS | 客户关系维护 | 新客户开发,零食下午茶 | 补充医疗保险 | 定期体检 | 节日福利 | 带薪年假 | 员工旅游 | 五险一金 | 健身房 | 餐补 | 股票期权,潘女士,招聘专家
74bc5d2275e9716f031709u4GVRW,大客户销售经理-信创（央国企制造业方向）,13-26K·24薪,3-5年 | 本科,3-5年,本科,深圳,南山区,科技园,北京海量数据,1000-9999人,已上市,客户关系维护 | 新客户开发 | 收集分析市场信息 | 通信/网络设备 | 软件/SaaS | 较多外勤 | B端市场开发经验 | 软件/信息化服务销售经验 | 面销/陌拜经验 | 业务开拓能力 | IT服务 | 软件 | 数据库,补充医疗保险 | 零食下午茶 | 定期体检 | 餐补 | 五险一金 | 节日福利 | 员工旅游 | 股票期权 | 带薪年假 | 健身房,张女士,HR
8b012f54f5e053900nZ52d2_EFFS,北京-信创软件-销售（无责底薪&上市企业）,20-40K·20薪,3-5年 | 本科,3-5年,本科,北京,海淀区,二里庄,北京海量数据,1000-9999人,已上市,北京国家电网 | 数据局 | 北京党政 | 机要局 | 部委,定期体检 | 五险一金 | 带薪年假 | 零食下午茶 | 节日福利 | 员工旅游 | 健身房 | 补充医疗保险 | 股票期权 | 餐补,盛女士,招聘专员
d96914ddec73b21b0nZ72tS5FVBS,研发AI效能工程师,28-45K,经验不限 | 本科,经验不限,本科,天津,南开区,王顶堤,北京海量数据,1000-9999人,已上市,大模型算法 | 深度学习 | 自然语言处理算法 | C/C++ | Python | 算法工程化经验 | AI,五险一金 | 定期体检 | 股票期权 | 餐补 | 健身房 | 补充医疗保险 | 员工旅游 | 节日福利 | 带薪年假 | 零食下午茶,景先生,人才挖猎专家
045db607123fba800nZy2N26F1JY,大客户销售经理-上市公司-AI向量软件,14-25K·24薪,3-5年 | 本科,3-5年,本科,广州,天河区,天河公园,北京海量数据,1000-9999人,已上市,新客户开发 | 收集分析市场信息 | 客户关系维护 | 软件/SaaS | 通信/网络设备 | 较多外勤 | B端市场开发经验 | 软件/信息化服务销售经验 | 业务开拓能力 | 计算机相关学历 | 商务谈判技巧 | 互联网/科技 | 先进制造 | 企业服务,补充医疗保险 | 节日福利 | 员工旅游 | 股票期权 | 带薪年假 | 餐补 | 健身房 | 定期体检 | 零食下午茶 | 五险一金,郭女士,海量数据的HR
10810997dd1477ee0nZ_09m7E1VY,大客户销售（上市公司-信创国产化-JG）,20-30K·16薪,5-10年 | 本科,5-10年,本科,郑州,金水区,CBD,北京海量数据,1000-9999人,已上市,新客户开发 | 收集分析市场信息 | 软件/SaaS | B端市场开发经验,餐补 | 股票期权 | 五险一金 | 健身房 | 零食下午茶 | 节日福利 | 定期体检 | 员工旅游 | 带薪年假 | 补充医疗保险,王志敏,招聘专家
b9f0776be2fb1e7a0nZ_3Nm0EFBQ,IT上市企业-大客户销售经理-政府/企业,12-24K·24薪,3-5年 | 本科,3-5年,本科,深圳,南山区,科技园,北京海量数据,1000-9999人,已上市,政府/社会团体 | 对企业/机构（To B）销售经验 | 软件/企业服务产品 | 面销/陌拜 | 互联网/科技,零食下午茶 | 补充医疗保险 | 餐补 | 节日福利 | 股票期权 | 定期体检 | 员工旅游 | 带薪年假 | 健身房 | 五险一金,刘女士,招聘主管
86dcea44419c8ddb1H153t--EFBW,C/C++开发工程师,22-30K·15薪,在校/应届 | 硕士,在校/应届,硕士,西安,雁塔区,高新路,北京海量数据,1000-9999人,已上市,C++ | C,股票期权 | 补充医疗保险 | 健身房 | 员工旅游 | 五险一金 | 节日福利 | 定期体检 | 带薪年假 | 零食下午茶 | 餐补,杨女士,HR实习生
c0c7300dfc37c8bb0nZ72927GVBZ,城市负责人-绍兴（24薪）,11-20K·24薪,3-5年 | 本科,3-5年,本科,绍兴,越城区,镜湖,北京海量数据,1000-9999人,已上市,,健身房 | 五险一金 | 定期体检 | 零食下午茶 | 员工旅游 | 带薪年假 | 餐补 | 节日福利 | 股票期权 | 补充医疗保险,何先生,招聘经理
5d83e2ceed7096f20nd83du5FlVV,销售-大数据局/国央企/交通/医疗/教育,11-20K·24薪,5-10年 | 本科,5-10年,本科,长沙,天心区,新开铺,北京海量数据,1000-9999人,已上市,,五险一金 | 节日福利 | 定期体检 | 带薪年假 | 股票期权 | 零食下午茶 | 餐补 | 健身房 | 员工旅游 | 补充医疗保险,张海琴,招聘经理
b5b3a0b2d87bb137031_3tW9F1pV,数据库内核开发专家（CPU-性能优化方向）,28-55K·13薪,经验不限 | 本科,经验不限,本科,成都,武侯区,桂溪,北京海量数据,1000-9999人,已上市,,五险一金 | 员工旅游 | 节日福利 | 餐补 | 带薪年假 | 股票期权 | 定期体检 | 健身房 | 零食下午茶 | 补充医疗保险,金女士,招聘经理
14a0919bba90a61a0nd_3ty7FVdX,证券事务专员,12-15K·13薪,1-3年 | 本科,1-3年,本科,北京,海淀区,学院路,北京海量数据,1000-9999人,已上市,,五险一金 | 健身房 | 定期体检 | 股票期权 | 带薪年假 | 员工旅游 | 补充医疗保险 | 节日福利 | 零食下午茶 | 餐补,孙楚琪,招聘专员
5b6ab5f795db9dce0nZy39-1FFdX,生态销售经理-IT不坐班-可培训带教-深圳,10-15K·24薪,1-3年 | 本科,1-3年,本科,深圳,南山区,科技园,北京海量数据,1000-9999人,已上市,,员工旅游 | 带薪年假 | 零食下午茶 | 五险一金 | 股票期权 | 补充医疗保险 | 节日福利 | 定期体检 | 健身房 | 餐补,路女士,hr
56fde535839522ee03x_2tq1F1tV,DBA（初级）,13-18K·13薪,经验不限 | 本科,经验不限,本科,上海,长宁区,北新泾,北京海量数据,1000-9999人,已上市,,员工旅游 | 定期体检 | 带薪年假 | 零食下午茶 | 餐补 | 股票期权 | 健身房 | 五险一金 | 节日福利 | 补充医疗保险,徐冰,招聘专员
d597cb7d367a52050nZ-29q6FVBS,大客户销售-不坐班-教育/企业/政府/轨交,12-24K,3-5年 | 本科,3-5年,本科,南昌,红谷滩区,红角洲,北京海量数据,1000-9999人,已上市,软件/信息化服务销售经验 | IT | 信创 | 数据库 | to b | to g,补充医疗保险 | 五险一金 | 节日福利 | 股票期权 | 带薪年假 | 员工旅游 | 定期体检 | 餐补 | 健身房 | 零食下午茶,李女士,HR.招聘专员
31f8238483ed27030nV_0t21ElpR,AI工具开发,20-35K·13薪,3-5年 | 本科,3-5年,本科,广州,天河区,棠下,北京海量数据,1000-9999人,已上市,,补充医疗保险 | 健身房 | 节日福利 | 定期体检 | 带薪年假 | 员工旅游 | 餐补 | 股票期权 | 零食下午茶 | 五险一金,肖女士,研发招聘
b115bd3018bae6da03x929S6GFpW,行业销售经理（政府、医疗、交通）,15-25K·14薪,5-10年 | 本科,5-10年,本科,西安,雁塔区,高新路,北京海量数据,1000-9999人,已上市,软件/信息化服务销售经验 | B端市场开发经验 | 软件/SaaS,补充医疗保险 | 零食下午茶 | 健身房 | 五险一金 | 员工旅游 | 节日福利 | 餐补 | 定期体检 | 带薪年假 | 股票期权,王女士,人事
f2691e5a3eaa0f9a0ndy39u6FltX,国央企大客户销售经理（全国base地可选）,15-30K·24薪,3-5年 | 本科,3-5年,本科,北京,海淀区,学院路,北京海量数据,1000-9999人,已上市,软件/SaaS | B端市场开发经验 | 国资委企业 | 央企 | 军工央企 | 能源央企 | 制造业,五险一金 | 定期体检 | 带薪年假 | 员工旅游 | 股票期权 | 零食下午茶 | 补充医疗保险 | 健身房 | 节日福利 | 餐补,陈女士,招聘专家
5c7c63ba71a662530ndy0tq_EVJR,教育行业大客户负责人-不坐班,12-20K·24薪,5-10年 | 本科,5-10年,本科,重庆,渝中区,解放碑,北京海量数据,1000-9999人,已上市,软件/信息化服务销售经验 | 商务谈判技巧 | B端市场开发经验 | 通信/网络设备 | 软件/SaaS | 业务开拓能力 | 互联网/科技,零食下午茶 | 股票期权 | 定期体检 | 五险一金 | 补充医疗保险 | 员工旅游 | 餐补 | 节日福利 | 带薪年假 | 健身房,余女士,招聘专家
575d5242dc04e50c03x_0t2-EFJX,大客户销售-教育高校方向,11-20K·24薪,3-5年 | 本科,3-5年,本科,深圳,南山区,科技园,北京海量数据,1000-9999人,已上市,软件/信息化服务销售经验 | 较多外勤 | B端市场开发经验 | 制定销售策略和目标 | 软件/SaaS | 业务开拓能力 | 互联网/科技 | 客户关系维护 | 新客户开发,定期体检 | 节日福利 | 健身房 | 股票期权 | 零食下午茶 | 员工旅游 | 带薪年假 | 餐补 | 补充医疗保险 | 五险一金,熊女士,hr
5be27a3d6e0bed620nVy2t2_EFFX,数据库内核开发专家/架构师,35-65K,5-10年 | 本科,5-10年,本科,广州,天河区,天河公园,北京海量数据,1000-9999人,已上市,C++ | C | 数据库开发经验 | 架构设计经验 | OLTP,股票期权 | 节日福利 | 餐补 | 补充医疗保险 | 带薪年假 | 健身房 | 员工旅游 | 五险一金 | 零食下午茶 | 定期体检,张女士,招聘经理
4dcf22aedfa2b2330nZz2tm1F1JU,销售经理/总监-上市公司不坐班-军队 军工,15-30K·24薪,3-5年 | 本科,3-5年,本科,北京,,,北京海量数据,1000-9999人,已上市,,五险一金 | 定期体检 | 带薪年假 | 股票期权 | 餐补 | 补充医疗保险 | 零食下午茶 | 员工旅游 | 节日福利 | 健身房,孙女士,招聘专家
e07f36fefa6146da0nZ72N-6EFJT,大客户销售（教育/医疗/企业）-上市公司,12-20K·24薪,3-5年 | 本科,3-5年,本科,南宁,,,北京海量数据,1000-9999人,已上市,软件/信息化服务销售经验 | 企业 | 教育 | 医疗 | 网络安全 | 信息化,定期体检 | 健身房 | 带薪年假 | 补充医疗保险 | 五险一金 | 员工旅游 | 餐补 | 节日福利 | 零食下午茶 | 股票期权,官婷婷,招聘专家
f9c4b574e866427e0nZ83Nm-EFRU,大客户销售经理[上市公司-信创产品-医疗],15-25K·24薪,3-5年 | 本科,3-5年,本科,天津,南开区,王顶堤,北京海量数据,1000-9999人,已上市,信创产品销售 | 医疗软件产品销售 | 医疗客户 | 软件产品销售,股票期权 | 节日福利 | 零食下午茶 | 员工旅游 | 餐补 | 带薪年假 | 五险一金 | 健身房 | 补充医疗保险 | 定期体检,吴女士,招聘者
3f958b3895a2f85c0nV839q-FFtZ,研发AI效能专家,45-50K,5-10年 | 本科,5-10年,本科,广州,天河区,棠下,北京海量数据,1000-9999人,已上市,深度学习 | 大模型算法 | 推荐算法 | C/C++ | Python | Java | 大数据处理工具(Spark/Hadoop/Hive) | 算法工程化经验 | AI,补充医疗保险 | 员工旅游 | 五险一金 | 股票期权 | 节日福利 | 定期体检 | 餐补 | 健身房 | 带薪年假 | 零食下午茶,景先生,人才挖猎专家
8b9b6a5854736bfc0nZy2Ny8FFdW,大客户销售经理-上市公司-AI向量数据库,12-24K·24薪,3-5年 | 本科,3-5年,本科,北京,海淀区,二里庄,北京海量数据,1000-9999人,已上市,新客户开发 | 定制解决方案 | 客户关系维护 | 软件/SaaS | 通信/网络设备 | 较多外勤 | B端市场开发经验 | 软件/信息化服务销售经验 | 金融服务销售经验 | 商务谈判技巧 | 业务开拓能力 | 计算机相关学历 | 互联网/科技 | 互联网金融,五险一金 | 定期体检 | 餐补 | 股票期权 | 健身房 | 带薪年假 | 补充医疗保险 | 节日福利 | 零食下午茶 | 员工旅游,郭女士,海量数据的HR
954f4a255c437c760nZ_3ty6FlZQ,大客户销售岗位-信创产品-军工客户,12-22K·24薪,3-5年 | 本科,3-5年,本科,长沙,岳麓区,望城坡,北京海量数据,1000-9999人,已上市,客户关系维护 | 新客户开发 | 软件/SaaS | 较多外勤 | B端市场开发经验 | 软件/信息化服务销售经验 | 业务开拓能力 | 安全 | 软件,补充医疗保险 | 零食下午茶 | 员工旅游 | 节日福利 | 健身房 | 五险一金 | 餐补 | 带薪年假 | 股票期权 | 定期体检,张女士,HR
fe6a2d8977a418ee0nZ83di4E1RQ,大客户经理-信创-中移IT/中铁塔,12-17K·24薪,1-3年 | 本科,1-3年,本科,北京,海淀区,学院路,北京海量数据,1000-9999人,已上市,软件/信息化服务销售经验 | 商务谈判技巧 | 定制解决方案 | B端市场开发经验 | 面销/陌拜经验 | 通信/网络设备 | 制定销售策略和目标 | 软件/SaaS | 业务开拓能力 | 互联网/科技 | 客户关系维护,餐补 | 员工旅游 | 零食下午茶 | 节日福利 | 股票期权 | 五险一金 | 健身房 | 定期体检 | 带薪年假 | 补充医疗保险,王女士,招聘专员
634396bf16f0bace0nd82t2-ElJZ,北京运营商-信创软件（无责底薪&上市企业）,20-40K·20薪,3-5年 | 本科,3-5年,本科,北京,海淀区,二里庄,北京海量数据,1000-9999人,已上市,北京国家电网 | 数据局 | 北京党政 | 机要局 | 部委,餐补 | 补充医疗保险 | 节日福利 | 股票期权 | 零食下午茶 | 健身房 | 员工旅游 | 带薪年假 | 定期体检 | 五险一金,盛女士,招聘专员
a9694b74acf709dd0nZ_3Ni_ElFS,IT上市企业-大客户销售经理-政府/企业,14-28K·24薪,3-5年 | 本科,3-5年,本科,上海,长宁区,北新泾,北京海量数据,1000-9999人,已上市,政府/社会团体 | 对企业/机构（To B）销售经验 | 软件/企业服务产品 | 面销/陌拜 | 互联网/科技,员工旅游 | 定期体检 | 餐补 | 补充医疗保险 | 五险一金 | 健身房 | 带薪年假 | 股票期权 | 零食下午茶 | 节日福利,刘女士,招聘主管
265bdd9c00832fb90nZ_09i6EFBT,大客户销售（上市公司-信创国产化-央企）,20-30K·16薪,5-10年 | 本科,5-10年,本科,北京,海淀区,学院路,北京海量数据,1000-9999人,已上市,制定销售策略和目标 | 客户关系维护 | B端市场开发经验 | 软件/信息化服务销售经验,健身房 | 五险一金 | 带薪年假 | 员工旅游 | 餐补 | 节日福利 | 定期体检 | 股票期权 | 零食下午茶 | 补充医疗保险,王志敏,招聘专家
9c5ae9aa2f714d0303d43tW4GVJX,信创软件-大客户销售,12-24K,3-5年 | 本科,3-5年,本科,苏州,虎丘区,科技城,北京海量数据,1000-9999人,已上市,软件/信息化服务销售经验 | 商务谈判技巧 | 较多外勤 | B端市场开发经验 | 制定销售策略和目标 | 软件/SaaS | 客户关系维护 | 新客户开发,餐补 | 定期体检 | 五险一金 | 员工旅游 | 股票期权 | 零食下午茶 | 补充医疗保险 | 节日福利 | 带薪年假 | 健身房,潘女士,招聘专家
081c146e7c7060070nd-29q0FVBS,行业销售经理-G端（24薪）,15-30K·24薪,3-5年 | 本科,3-5年,本科,合肥,蜀山区,科技园,北京海量数据,1000-9999人,已上市,,补充医疗保险 | 零食下午茶 | 股票期权 | 餐补 | 带薪年假 | 员工旅游 | 节日福利 | 健身房 | 五险一金 | 定期体检,何先生,招聘经理
8f99264a1683e0261HZz39u6FVtZ,数据库内核/工具产品经理,20-35K·13薪,5-10年 | 本科,5-10年,本科,北京,海淀区,二里庄,北京海量数据,1000-9999人,已上市,B端产品 | 数据库产品经理,带薪年假 | 补充医疗保险 | 定期体检 | 股票期权 | 零食下午茶 | 健身房 | 员工旅游 | 五险一金 | 餐补 | 节日福利,金女士,招聘经理
56b2b004ef1646eb0nZy2dS0GVBV,DBA售前poc,16-25K·13薪,1-3年 | 本科,1-3年,本科,南京,建邺区,江东,北京海量数据,1000-9999人,已上市,,节日福利 | 餐补 | 员工旅游 | 补充医疗保险 | 带薪年假 | 定期体检 | 股票期权 | 五险一金 | 零食下午茶 | 健身房,孙楚琪,招聘专员
9927e579f271de3003xz0t-8E1NQ,数据库运维工程师（中高级）,18-25K·13薪,经验不限 | 本科,经验不限,本科,杭州,上城区,九堡,北京海量数据,1000-9999人,已上市,,餐补 | 节日福利 | 定期体检 | 股票期权 | 五险一金 | 员工旅游 | 补充医疗保险 | 带薪年假 | 零食下午茶 | 健身房,徐冰,招聘专员
172db85cf08c948903N63Nu4FFBV,行业销售经理（政府、医疗、交通）,15-25K·14薪,5-10年 | 本科,5-10年,本科,兰州,城关区,东湖,北京海量数据,1000-9999人,已上市,软件/SaaS | B端市场开发经验 | 软件/信息化服务销售经验,零食下午茶 | 员工旅游 | 带薪年假 | 定期体检 | 健身房 | 五险一金 | 餐补 | 节日福利 | 补充医疗保险 | 股票期权,王女士,人事
9ea06c5d86564a861HJy0tq1FlZV,c++开发工程师,15-30K·13薪,1-3年 | 本科,1-3年,本科,成都,武侯区,桂溪,北京海量数据,1000-9999人,已上市,C# | C++ | 数据库开发经验 | PostgreSQL | Linux开发/部署经验 | 鸿蒙系统开发经验,补充医疗保险 | 餐补 | 股票期权 | 健身房 | 员工旅游 | 节日福利 | 带薪年假 | 定期体检 | 零食下午茶 | 五险一金,肖女士,研发招聘
c3ad83b47c6228320nVy2t2_F1pV,数据库内核开发专家/架构师,35-65K,5-10年 | 本科,5-10年,本科,西安,雁塔区,电子城,北京海量数据,1000-9999人,已上市,C++ | C | 数据库开发经验 | 架构设计经验 | OLTP,五险一金 | 补充医疗保险 | 带薪年假 | 节日福利 | 定期体检 | 员工旅游 | 零食下午茶 | 健身房 | 餐补 | 股票期权,张女士,招聘经理
b76d23ed36eaee550nd82tS7GFNU,大客户销售-上市公司-任意base,12-24K,3-5年 | 本科,3-5年,本科,青岛,市北区,敦化路,北京海量数据,1000-9999人,已上市,企业（To B） | 面销/陌拜 | 软件 | 信创 | 信息化,五险一金 | 补充医疗保险 | 餐补 | 定期体检 | 带薪年假 | 员工旅游 | 零食下午茶 | 节日福利 | 健身房 | 股票期权,李女士,HR.招聘专员
30e10075561eeb2b0nV609S9ElRY,CPU优化专家,30-55K·13薪,5-10年 | 本科,5-10年,本科,北京,海淀区,学院路,北京海量数据,1000-9999人,已上市,,补充医疗保险 | 定期体检 | 节日福利 | 股票期权 | 餐补 | 员工旅游 | 健身房 | 零食下午茶 | 五险一金 | 带薪年假,景先生,人才挖猎专家
88c5f9e921ad6f800nZ60tS4EVJQ,行业销售经理-医疗方向（24薪）,15-30K·24薪,3-5年 | 本科,3-5年,本科,杭州,西湖区,西溪,北京海量数据,1000-9999人,已上市,,带薪年假 | 员工旅游 | 节日福利 | 零食下午茶 | 餐补 | 五险一金 | 补充医疗保险 | 健身房 | 定期体检 | 股票期权,何先生,招聘经理
879b3ed0ec2c78e8031_3tq0GFtR,数据库内核开发专家（CPU-性能优化方向）,28-55K·13薪,经验不限 | 本科,经验不限,本科,南京,建邺区,江东,北京海量数据,1000-9999人,已上市,,餐补 | 员工旅游 | 带薪年假 | 定期体检 | 股票期权 | 补充医疗保险 | 节日福利 | 五险一金 | 健身房 | 零食下午茶,金女士,招聘经理
b097e5ce7e9a75eb1HV-09y1F1FY,DBA,10-15K·13薪,经验不限 | 本科,经验不限,本科,南宁,青秀区,东葛路,北京海量数据,1000-9999人,已上市,Oracle,五险一金 | 带薪年假 | 健身房 | 定期体检 | 零食下午茶 | 员工旅游 | 餐补 | 节日福利 | 补充医疗保险 | 股票期权,徐冰,招聘专员
4f3d02bbacced1470nd52tu9EVBU,DBA（驻场）,14-15K·13薪,1-3年 | 本科,1-3年,本科,上海,浦东新区,张江,北京海量数据,1000-9999人,已上市,,五险一金 | 餐补 | 健身房 | 股票期权 | 零食下午茶 | 带薪年假 | 定期体检 | 补充医疗保险 | 员工旅游 | 节日福利,孙楚琪,招聘专员
fbae6a893820fbe803N_29u9GVRU,信创行业经理-上市公司&无责底薪&股权激励,12-24K·24薪,3-5年 | 本科,3-5年,本科,喀什地区,喀什市,师范学院,北京海量数据,1000-9999人,已上市,信创产业 | 面销/陌拜 | 软件/企业服务产品 | 对企业/机构（To B）销售经验 | 企业服务 | 企业（To B） | 国产数据库 | 面销/陌拜经验,零食下午茶 | 健身房 | 节日福利 | 定期体检 | 员工旅游 | 股票期权 | 餐补 | 带薪年假 | 五险一金 | 补充医疗保险,王女士,人事
aef7a745d23d14d61HF63NW1EVBV,数据库测试专家,25-45K·13薪,5-10年 | 本科,5-10年,本科,西安,雁塔区,高新路,北京海量数据,1000-9999人,已上市,自动化测试经验 | 测试工作经验 | 自动化测试 | 底层业务 | 性能测试 | 功能测试 | 存储测试 | 数据库测试 | Python,五险一金 | 零食下午茶 | 补充医疗保险 | 股票期权 | 健身房 | 员工旅游 | 餐补 | 带薪年假 | 定期体检 | 节日福利,肖女士,研发招聘
a5814dfe4a57d96e1HB639y7EVNR,中/高/资深java开发工程师,20-40K,经验不限 | 本科,经验不限,本科,西安,雁塔区,电子城,北京海量数据,1000-9999人,已上市,Java | PostgreSQL | SpringCloud | MySQL | Kafka | Spring,健身房 | 定期体检 | 节日福利 | 补充医疗保险 | 员工旅游 | 五险一金 | 股票期权 | 餐补 | 带薪年假 | 零食下午茶,张女士,招聘经理
81e15f28b421f60003d72Nu9GVZW,数据库内核开发专家,30-60K·13薪,5-10年 | 本科,5-10年,本科,北京,海淀区,学院路,北京海量数据,1000-9999人,已上市,C++ | C | 数据库开发经验 | 数据库内核开发 | MySQL | 架构设计经验,带薪年假 | 定期体检 | 股票期权 | 节日福利 | 员工旅游 | 健身房 | 五险一金 | 零食下午茶 | 补充医疗保险 | 餐补,景先生,人才挖猎专家
b968681c7482009803xy3N6_EVZU,生态销售经理,11-20K·24薪,经验不限 | 本科,经验不限,本科,上海,闵行区,虹桥,北京海量数据,1000-9999人,已上市,较强的商务谈判能力 | 渠道运营管理 | 较强的渠道拓展能力 | 较强的沟通协调能力 | 软件/SaaS | 渠道/机构客户开发 | 渠道关系维护,五险一金 | 节日福利 | 定期体检 | 补充医疗保险 | 零食下午茶 | 员工旅游 | 餐补 | 股票期权 | 健身房 | 带薪年假,何先生,招聘经理
8c5da1945e0106e20nV709W8FlVR,数据库工具软件owner,35-65K·13薪,经验不限 | 本科,经验不限,本科,广州,天河区,天河公园,北京海量数据,1000-9999人,已上市,,五险一金 | 健身房 | 零食下午茶 | 补充医疗保险 | 员工旅游 | 定期体检 | 餐补 | 带薪年假 | 节日福利 | 股票期权,金女士,招聘经理
e82071a47f4eaa4f03xz0ti9E1JT,数据库经理（管理岗/专家）,28-35K·13薪,经验不限 | 本科,经验不限,本科,北京,海淀区,五道口,北京海量数据,1000-9999人,已上市,,员工旅游 | 股票期权 | 补充医疗保险 | 零食下午茶 | 五险一金 | 健身房 | 定期体检 | 带薪年假 | 餐补 | 节日福利,徐冰,招聘专员
003dd698ec706dce0nd83Nm8ElZQ,mysqldba（国药驻场）,15-25K·13薪,5-10年 | 本科,5-10年,本科,北京,丰台区,六里桥,北京海量数据,1000-9999人,已上市,,五险一金 | 健身房 | 定期体检 | 节日福利 | 带薪年假 | 员工旅游 | 股票期权 | 餐补 | 补充医疗保险 | 零食下午茶,孙楚琪,招聘专员
c8ea4a641af0840f03R42tu5GFdY,数据库产品经理（内核/工具）-双休,20-40K·13薪,3-5年 | 本科,3-5年,本科,西安,雁塔区,高新路,北京海量数据,1000-9999人,已上市,C端产品 | G端产品/政务产品 | 数据库,餐补 | 零食下午茶 | 定期体检 | 健身房 | 带薪年假 | 节日福利 | 股票期权 | 补充医疗保险 | 员工旅游 | 五险一金,肖女士,研发招聘
8dd4b2f5bbfa3a730nR52NW8FVVQ,销售总监,20-40K·24薪,5-10年 | 本科,5-10年,本科,乌鲁木齐,水磨沟区,六道湾,北京海量数据,1000-9999人,已上市,,股票期权 | 补充医疗保险 | 零食下午茶 | 带薪年假 | 定期体检 | 五险一金 | 节日福利 | 健身房 | 餐补 | 员工旅游,王女士,人事
5bba911ea7418a750nZ82Ny7F1tS,AI工具开发/专家,25-45K,经验不限 | 本科,经验不限,本科,广州,天河区,天河公园,北京海量数据,1000-9999人,已上市,Java | PostgreSQL | AI | 数据库工具,股票期权 | 带薪年假 | 补充医疗保险 | 员工旅游 | 零食下午茶 | 餐补 | 五险一金 | 节日福利 | 定期体检 | 健身房,张女士,招聘经理
f896396b485ffc9b0nZ72tS-FlJR,研发AI效能工程师,28-45K,经验不限 | 本科,经验不限,本科,西安,雁塔区,高新路,北京海量数据,1000-9999人,已上市,大模型算法 | 自然语言处理算法 | C/C++ | Python | Java | 算法工程化经验 | AI,五险一金 | 补充医疗保险 | 定期体检 | 员工旅游 | 餐补 | 零食下午茶 | 节日福利 | 带薪年假 | 股票期权 | 健身房,景先生,人才挖猎专家
5bcc876a8199bfa0031_3tW8GFFS,数据库内核开发专家（CPU-性能优化方向）,30-60K·13薪,经验不限 | 本科,经验不限,本科,北京,海淀区,二里庄,北京海量数据,1000-9999人,已上市,,健身房 | 餐补 | 定期体检 | 股票期权 | 节日福利 | 员工旅游 | 补充医疗保险 | 零食下午茶 | 带薪年假 | 五险一金,金女士,招聘经理
352c7078b42fd79e0nd42Nu5FlZQ,数据库运维工程师（中高级）,15-20K·13薪,经验不限 | 本科,经验不限,本科,南宁,青秀区,东葛路,北京海量数据,1000-9999人,已上市,,零食下午茶 | 带薪年假 | 五险一金 | 股票期权 | 定期体检 | 员工旅游 | 健身房 | 节日福利 | 餐补 | 补充医疗保险,徐冰,招聘专员
05afb92ff7db04c20nZz2926F1JV,数据库管理员,20-35K·13薪,3-5年 | 本科,3-5年,本科,上海,长宁区,北新泾,北京海量数据,1000-9999人,已上市,,股票期权 | 补充医疗保险 | 定期体检 | 五险一金 | 节日福利 | 餐补 | 员工旅游 | 带薪年假 | 健身房 | 零食下午茶,孙楚琪,招聘专员
8629633bf2438f9d03x829S7E1ZV,驱动工程师-数据库,15-30K·13薪,3-5年 | 本科,3-5年,本科,南京,建邺区,江东,北京海量数据,1000-9999人,已上市,C/C++ | 计算机相关专业,员工旅游 | 定期体检 | 股票期权 | 补充医疗保险 | 健身房 | 五险一金 | 节日福利 | 餐补 | 带薪年假 | 零食下午茶,肖女士,研发招聘
68d3d9788f9e563603N63Nu6FltV,行业销售经理（政府、企业、交通）,15-25K·14薪,5-10年 | 本科,5-10年,本科,乌鲁木齐,水磨沟区,六道湾,北京海量数据,1000-9999人,已上市,信创产业 | 面销/陌拜 | 软件/企业服务产品 | 对企业/机构（To B）销售经验 | 企业服务 | 企业（To B） | 国产数据库 | 面销/陌拜经验,餐补 | 员工旅游 | 股票期权 | 五险一金 | 定期体检 | 带薪年假 | 节日福利 | 健身房 | 零食下午茶 | 补充医疗保险,王女士,人事
8b9ec47efd6e979c03R-29y8EVVR,项目经理,25-35K,5-10年 | 本科,5-10年,本科,广州,天河区,棠下,北京海量数据,1000-9999人,已上市,企业内部技术项目管理 | 计算机相关专业 | 软件研发经验 | 中大型软件项目管理经验 | PMP,零食下午茶 | 补充医疗保险 | 定期体检 | 股票期权 | 五险一金 | 员工旅游 | 餐补 | 带薪年假 | 健身房 | 节日福利,景先生,人才挖猎专家
6d787f6572b317f503d-2dy9F1VV,产品经理（数据库）,30-60K,5-10年 | 本科,5-10年,本科,北京,海淀区,二里庄,北京海量数据,1000-9999人,已上市,数据库产品 | B端产品 | 数据产品,节日福利 | 股票期权 | 五险一金 | 餐补 | 带薪年假 | 员工旅游 | 零食下午茶 | 补充医疗保险 | 定期体检 | 健身房,张女士,招聘经理
a8b8c7eaddc1cb70031_3tW9FFpU,数据库内核开发专家（CPU-性能优化方向）,28-55K·13薪,经验不限 | 本科,经验不限,本科,天津,南开区,王顶堤,北京海量数据,1000-9999人,已上市,,零食下午茶 | 餐补 | 定期体检 | 员工旅游 | 节日福利 | 补充医疗保险 | 健身房 | 带薪年假 | 五险一金 | 股票期权,金女士,招聘经理
5b9116781344b42b1XJ50ty8F1RV,PG工程师,16-25K·13薪,经验不限 | 本科,经验不限,本科,武汉,江汉区,常青,北京海量数据,1000-9999人,已上市,Oracle | PostgreSQL,健身房 | 零食下午茶 | 餐补 | 定期体检 | 带薪年假 | 五险一金 | 节日福利 | 补充医疗保险 | 员工旅游 | 股票期权,徐冰,招聘专员
a544d7dc53a6e6651HF53N60GVNV,数据库内核开发工程师-- 存储引擎/sql引擎,30-60K·13薪,5-10年 | 本科,5-10年,本科,南京,建邺区,江东,北京海量数据,1000-9999人,已上市,C++ | C | 数据库开发经验 | Linux | PostgreSQL | MySQL | 分布式技术 | 架构设计经验 | Oracle | Linux开发/部署经验,补充医疗保险 | 餐补 | 节日福利 | 股票期权 | 定期体检 | 带薪年假 | 健身房 | 零食下午茶 | 五险一金 | 员工旅游,肖女士,研发招聘
d7411ae7bea3ef630nd729-5FVJY,DBA售前poc,20-35K·13薪,1-3年 | 本科,1-3年,本科,深圳,南山区,科技园,北京海量数据,1000-9999人,已上市,,五险一金 | 健身房 | 餐补 | 定期体检 | 补充医疗保险 | 员工旅游 | 股票期权 | 节日福利 | 零食下午茶 | 带薪年假,孙楚琪,招聘专员
482c3eda578b454c03R809-1FFRX,测试工程师,16-28K,3-5年 | 本科,3-5年,本科,西安,雁塔区,高新路,北京海量数据,1000-9999人,已上市,自动化测试 | 性能测试 | Java | Python | 掌握软件测试理论和流程,五险一金 | 带薪年假 | 定期体检 | 股票期权 | 补充医疗保险 | 员工旅游 | 零食下午茶 | 节日福利 | 餐补 | 健身房,景先生,人才挖猎专家
957668ab1c0788d70nVy2t2-FFVY,数据库内核开发专家/架构师,35-60K,5-10年 | 本科,5-10年,本科,天津,南开区,王顶堤,北京海量数据,1000-9999人,已上市,C++ | C | 数据库开发经验 | 架构设计经验,节日福利 | 带薪年假 | 定期体检 | 五险一金 | 餐补 | 股票期权 | 零食下午茶 | 员工旅游 | 补充医疗保险 | 健身房,张女士,招聘经理
1d69ee279a9c81db0nV939-6ElZQ,研发AI效能工程师,20-40K·13薪,经验不限 | 本科,经验不限,本科,广州,天河区,天河公园,北京海量数据,1000-9999人,已上市,沟通推动能力 | 研发AI提效,节日福利 | 股票期权 | 定期体检 | 补充医疗保险 | 员工旅游 | 带薪年假 | 零食下午茶 | 五险一金 | 餐补 | 健身房,金女士,招聘经理
76413d46932a6bb903By0tq_GVJT,数据库运维工程师（国产方向）,20-28K·13薪,经验不限 | 本科,经验不限,本科,北京,海淀区,五道口,北京海量数据,1000-9999人,已上市,,带薪年假 | 餐补 | 补充医疗保险 | 零食下午茶 | 健身房 | 五险一金 | 股票期权 | 员工旅游 | 定期体检 | 节日福利,徐冰,招聘专员
dfd3700ebdd7b2571HBz2Nq1F1dQ,数据库内核开发工程师-双休,20-40K·13薪,1-3年 | 本科,1-3年,本科,天津,河西区,大营门,北京海量数据,1000-9999人,已上市,接受无数据开发经验 | sql引擎 | 数据库内核 | 存储引擎,节日福利 | 餐补 | 五险一金 | 员工旅游 | 定期体检 | 零食下午茶 | 股票期权 | 健身房 | 补充医疗保险 | 带薪年假,肖女士,研发招聘
ea199ff41ef34d0d0nd729q_E1JX,内容营销高级经理,20-35K,5-10年 | 本科,5-10年,本科,北京,海淀区,学院路,北京海量数据,1000-9999人,已上市,,五险一金 | 餐补 | 定期体检 | 员工旅游 | 股票期权 | 节日福利 | 健身房 | 带薪年假 | 补充医疗保险 | 零食下午茶,孙楚琪,招聘专员
38893aebecbcfaf90nVz2dy6EldS,研发效能专家,45-65K,3-5年 | 本科,3-5年,本科,北京,海淀区,学院路,北京海量数据,1000-9999人,已上市,机器学习 | 大模型算法 | 模型加速/性能优化 | C/C++ | Java | Python | 算法工程化经验 | AI,节日福利 | 餐补 | 五险一金 | 员工旅游 | 健身房 | 零食下午茶 | 股票期权 | 带薪年假 | 补充医疗保险 | 定期体检,景先生,人才挖猎专家
39a35905caa20a3a0nVy2t28ElNS,数据库内核开发专家/架构师,35-65K,5-10年 | 本科,5-10年,本科,成都,武侯区,桂溪,北京海量数据,1000-9999人,已上市,C++ | C | 数据库开发经验 | 架构设计经验,零食下午茶 | 五险一金 | 补充医疗保险 | 带薪年假 | 员工旅游 | 餐补 | 健身房 | 定期体检 | 节日福利 | 股票期权,张女士,招聘经理
23e8a7d9e3025ded0nV709q0GFZV,数据库工具软件业务owner,35-65K·13薪,5-10年 | 本科,5-10年,本科,南京,建邺区,江东,北京海量数据,1000-9999人,已上市,,带薪年假 | 节日福利 | 员工旅游 | 股票期权 | 定期体检 | 五险一金 | 零食下午茶 | 餐补 | 补充医疗保险 | 健身房,金女士,招聘经理
87d898f7d75bfd4403xz0ty7FltR,DBA（中高级）,18-28K·13薪,经验不限 | 本科,经验不限,本科,上海,长宁区,北新泾,北京海量数据,1000-9999人,已上市,PostgreSQL | Oracle,带薪年假 | 员工旅游 | 餐补 | 五险一金 | 健身房 | 补充医疗保险 | 定期体检 | 股票期权 | 零食下午茶 | 节日福利,徐冰,招聘专员
f755135da5923cc10nd_2ti0GVBT,工具测试工程师,20-30K·13薪,3-5年 | 本科,3-5年,本科,天津,南开区,王顶堤,北京海量数据,1000-9999人,已上市,,补充医疗保险 | 零食下午茶 | 健身房 | 定期体检 | 节日福利 | 餐补 | 五险一金 | 股票期权 | 员工旅游 | 带薪年假,肖女士,研发招聘
9368af8298838d470nd729-8F1JU,DBA售前poc,20-35K·13薪,1-3年 | 本科,1-3年,本科,广州,天河区,棠下,北京海量数据,1000-9999人,已上市,,补充医疗保险 | 五险一金 | 定期体检 | 股票期权 | 员工旅游 | 带薪年假 | 餐补 | 节日福利 | 零食下午茶 | 健身房,孙楚琪,招聘专员
4457fc5312c2d2540nV609S9GFNU,CPU优化专家,30-55K,5-10年 | 本科,5-10年,本科,成都,武侯区,孵化园,北京海量数据,1000-9999人,已上市,CPU,五险一金 | 补充医疗保险 | 定期体检 | 健身房 | 员工旅游 | 带薪年假 | 餐补 | 节日福利 | 零食下午茶 | 股票期权,景先生,人才挖猎专家
9d0697de86294e5c0nVy2ty4FlpR,数据库内核开发专家/架构师,35-65K,5-10年 | 本科,5-10年,本科,北京,海淀区,二里庄,北京海量数据,1000-9999人,已上市,C++ | C | 架构设计经验 | 数据库开发经验 | 存储引擎 | sql引擎,零食下午茶 | 健身房 | 员工旅游 | 五险一金 | 补充医疗保险 | 股票期权 | 带薪年假 | 餐补 | 定期体检 | 节日福利,张女士,招聘经理
13b86c1ff8e0c31f03R42NS4EVpS,数据库产品经理,20-40K·13薪,经验不限 | 本科,经验不限,本科,西安,雁塔区,电子城,北京海量数据,1000-9999人,已上市,B端产品 | 数据库,补充医疗保险 | 员工旅游 | 餐补 | 股票期权 | 带薪年假 | 五险一金 | 健身房 | 节日福利 | 零食下午茶 | 定期体检,金女士,招聘经理
74a9e02aa28e608f1HB42d-_GVtV,数据库内核研发工程师,20-40K·13薪,3-5年 | 本科,3-5年,本科,成都,锦江区,红星路,北京海量数据,1000-9999人,已上市,C++ | 分布式经验 | 数据库开发经验 | 数据库内核 | Oracle,餐补 | 五险一金 | 定期体检 | 股票期权 | 员工旅游 | 健身房 | 零食下午茶 | 补充医疗保险 | 节日福利 | 带薪年假,肖女士,研发招聘
839cfac3531086ff03Nz2dS4E1JU,数据库运维工程师（mysql/Oceanbase）,12-16K·13薪,3-5年 | 本科,3-5年,本科,北京,顺义区,天竺,北京海量数据,1000-9999人,已上市,,补充医疗保险 | 员工旅游 | 带薪年假 | 健身房 | 节日福利 | 零食下午茶 | 五险一金 | 定期体检 | 股票期权 | 餐补,徐冰,招聘专员
e500a27dd9d33c360nd82ti6FVBV,dba高级工程师,20-35K·13薪,5-10年 | 本科,5-10年,本科,南京,建邺区,江东,北京海量数据,1000-9999人,已上市,,定期体检 | 健身房 | 带薪年假 | 零食下午茶 | 餐补 | 员工旅游 | 五险一金 | 节日福利 | 补充医疗保险 | 股票期权,孙楚琪,招聘专员
057e245113dbd84503x839y-GVZR,C/C++,18-30K,3-5年 | 本科,3-5年,本科,南京,浦口区,江浦,北京海量数据,1000-9999人,已上市,C++ | C | 数据库开发经验 | 驱动开发,零食下午茶 | 节日福利 | 股票期权 | 定期体检 | 五险一金 | 员工旅游 | 带薪年假 | 补充医疗保险 | 健身房 | 餐补,景先生,人才挖猎专家
abd7ac7ad6be08a91Hx70t29E1NT,资深java开发/工具总工,40-70K,5-10年 | 本科,5-10年,本科,北京,海淀区,二里庄,北京海量数据,1000-9999人,已上市,Java | PostgreSQL | 数据库工具,股票期权 | 餐补 | 五险一金 | 健身房 | 员工旅游 | 零食下午茶 | 带薪年假 | 定期体检 | 补充医疗保险 | 节日福利,张女士,招聘经理
9690228524ebb2200nZ839q9EVtZ,数据库工具开发工程师/专家（AI方向）,20-40K·13薪,经验不限 | 本科,经验不限,本科,广州,天河区,天河公园,北京海量数据,1000-9999人,已上市,,五险一金 | 股票期权 | 定期体检 | 餐补 | 带薪年假 | 健身房 | 补充医疗保险 | 节日福利 | 员工旅游 | 零食下午茶,金女士,招聘经理
6cd41633bf62112b0nZ83ty7FlNY,AI工具开发（数据库生态工具AI化）,20-40K·13薪,经验不限 | 本科,经验不限,本科,南京,建邺区,江东,北京海量数据,1000-9999人,已上市,JVM | AI工具 | Java | C++ | C | 智能问答库 | PostgreSQL | SpringCloud | Kafka | 大模型,补充医疗保险 | 健身房 | 股票期权 | 餐补 | 五险一金 | 员工旅游 | 节日福利 | 定期体检 | 零食下午茶 | 带薪年假,肖女士,研发招聘
71da850adcfa8d231Xx72Nu-E1FS,DBA,15-25K·13薪,经验不限 | 本科,经验不限,本科,西安,雁塔区,电子城,北京海量数据,1000-9999人,已上市,Java,五险一金 | 补充医疗保险 | 节日福利 | 健身房 | 股票期权 | 员工旅游 | 零食下午茶 | 定期体检 | 餐补 | 带薪年假,徐冰,招聘专员
97bd8be4b3a141500nd609W8EFVV,DBA,20-25K·13薪,5-10年 | 本科,5-10年,本科,南京,建邺区,江东,北京海量数据,1000-9999人,已上市,,零食下午茶 | 节日福利 | 补充医疗保险 | 健身房 | 带薪年假 | 员工旅游 | 餐补 | 定期体检 | 五险一金 | 股票期权,孙楚琪,招聘专员
91dd1fbc5dbba2c70nZ82Nq6FVRQ,工具开发工程师（数据库AI方向）,25-40K,3-5年 | 本科,3-5年,本科,广州,天河区,棠下,北京海量数据,1000-9999人,已上市,AI | JAVA,节日福利 | 餐补 | 补充医疗保险 | 股票期权 | 健身房 | 定期体检 | 带薪年假 | 员工旅游 | 五险一金 | 零食下午茶,景先生,人才挖猎专家
1fc11767b0f0df9503V-2dy_EVBS,中高级测试工程师/专家,18-35K,3-5年 | 本科,3-5年,本科,天津,南开区,王顶堤,北京海量数据,1000-9999人,已上市,功能测试 | 性能测试 | Python | Java | 数据库测试,餐补 | 五险一金 | 健身房 | 股票期权 | 定期体检 | 带薪年假 | 零食下午茶 | 节日福利 | 补充医疗保险 | 员工旅游,张女士,招聘经理
d035a2de2dc237ed0nZ839q8EFFT,数据库工具软件开发工程师/专家（AI方向）,20-40K·13薪,经验不限 | 本科,经验不限,本科,西安,雁塔区,电子城,北京海量数据,1000-9999人,已上市,,五险一金 | 股票期权 | 定期体检 | 餐补 | 零食下午茶 | 员工旅游 | 补充医疗保险 | 带薪年假 | 节日福利 | 健身房,金女士,招聘经理
1c1a2b7a13bc285c1HF-3N61EVRX,自动化测试工程师-自研双休,18-35K·13薪,3-5年 | 本科,3-5年,本科,广州,天河区,棠下,北京海量数据,1000-9999人,已上市,Python | 自动化测试经验,员工旅游 | 补充医疗保险 | 五险一金 | 定期体检 | 带薪年假 | 节日福利 | 餐补 | 股票期权 | 零食下午茶 | 健身房,肖女士,研发招聘
c1436305246b6e5f0nV50tq1FVVR,DBA（中高级）,20-25K·13薪,经验不限 | 本科,经验不限,本科,广州,天河区,天河公园,北京海量数据,1000-9999人,已上市,,股票期权 | 五险一金 | 定期体检 | 补充医疗保险 | 零食下午茶 | 员工旅游 | 餐补 | 节日福利 | 健身房 | 带薪年假,徐冰,招聘专员
540e798e2c4772d90nd729-9F1JY,dba,20-25K·13薪,5-10年 | 本科,5-10年,本科,深圳,南山区,科技园,北京海量数据,1000-9999人,已上市,,五险一金 | 健身房 | 餐补 | 定期体检 | 员工旅游 | 零食下午茶 | 股票期权 | 节日福利 | 补充医疗保险 | 带薪年假,孙楚琪,招聘专员
1455dbcd919aec5203d62Nu4F1BW,java中高级开发工程师,20-30K·13薪,3-5年 | 本科,3-5年,本科,西安,雁塔区,高新路,北京海量数据,1000-9999人,已上市,Java | C++ | C | Spring | Oracle | 云计算经验 | 架构设计经验 | 不接受居家办公,员工旅游 | 股票期权 | 定期体检 | 五险一金 | 带薪年假 | 健身房 | 餐补 | 零食下午茶 | 补充医疗保险 | 节日福利,景先生,人才挖猎专家
4cab14a696531a0f0nVy2t27EVRR,数据库内核开发工程师（C/C++）,25-40K,经验不限 | 本科,经验不限,本科,南京,建邺区,江东,北京海量数据,1000-9999人,已上市,C++ | C | 数据库开发经验,餐补 | 补充医疗保险 | 五险一金 | 股票期权 | 节日福利 | 带薪年假 | 定期体检 | 员工旅游 | 零食下午茶 | 健身房,张女士,招聘经理
beb0f78b691d1f520nR73t-4EVVY,数据库内核架构师,40-65K,经验不限 | 本科,经验不限,本科,广州,天河区,天河公园,北京海量数据,1000-9999人,已上市,SQL,带薪年假 | 补充医疗保险 | 定期体检 | 五险一金 | 股票期权 | 健身房 | 员工旅游 | 节日福利 | 零食下午茶 | 餐补,金女士,招聘经理
7b15d188b1bedeb41Hx42Nu8FlBQ,数据库内核专家-存储/sql引擎,20-40K·13薪,5-10年 | 本科,5-10年,本科,西安,雁塔区,高新路,北京海量数据,1000-9999人,已上市,C++ | C | 分布式经验 | 数据库开发经验 | 架构设计经验 | Linux开发/部署经验,餐补 | 带薪年假 | 健身房 | 定期体检 | 员工旅游 | 补充医疗保险 | 节日福利 | 五险一金 | 零食下午茶 | 股票期权,肖女士,研发招聘
d0165da1d30593030nV50tq1E1NQ,DBA（中高级）,20-25K·13薪,经验不限 | 本科,经验不限,本科,深圳,南山区,科技园,北京海量数据,1000-9999人,已上市,,定期体检 | 五险一金 | 补充医疗保险 | 员工旅游 | 健身房 | 节日福利 | 零食下午茶 | 股票期权 | 餐补 | 带薪年假,徐冰,招聘专员
3035e785f4ff39ca03R-29y6GFJR,资深java开发工程师,25-30K,3-5年 | 本科,3-5年,本科,广州,天河区,棠下,北京海量数据,1000-9999人,已上市,Java | Spring | MySQL | 架构设计经验 | 不接受居家办公,零食下午茶 | 股票期权 | 五险一金 | 节日福利 | 带薪年假 | 补充医疗保险 | 餐补 | 定期体检 | 员工旅游 | 健身房,景先生,人才挖猎专家
39cf77396b88fb670nd73Ni_ElFV,DBA,20-35K·13薪,5-10年 | 本科,5-10年,本科,杭州,上城区,乔司,北京海量数据,1000-9999人,已上市,,节日福利 | 补充医疗保险 | 五险一金 | 股票期权 | 定期体检 | 零食下午茶 | 餐补 | 员工旅游 | 健身房 | 带薪年假,孙楚琪,招聘专员
dea41cae0828312d0nVy2t24FFBR,数据库内核开发工程师（C/C++）,25-40K,经验不限 | 本科,经验不限,本科,广州,天河区,天河公园,北京海量数据,1000-9999人,已上市,C++ | C | 数据库开发经验,带薪年假 | 零食下午茶 | 定期体检 | 餐补 | 补充医疗保险 | 股票期权 | 健身房 | 节日福利 | 五险一金 | 员工旅游,张女士,招聘经理
8405304445e3aa800nR-2dq8FVVR,数据库工具研发专家/负责人,35-65K,3-5年 | 本科,3-5年,本科,西安,雁塔区,电子城,北京海量数据,1000-9999人,已上市,,五险一金 | 零食下午茶 | 带薪年假 | 定期体检 | 股票期权 | 健身房 | 员工旅游 | 补充医疗保险 | 节日福利 | 餐补,金女士,招聘经理
a197fbeb0ca7b6d71HB42NW9FlVZ,数据库内核研发工程师,20-40K·13薪,3-5年 | 本科,3-5年,本科,成都,武侯区,桂溪,北京海量数据,1000-9999人,已上市,C++ | 分布式经验 | 数据库开发经验 | 数据库内核 | Oracle,节日福利 | 定期体检 | 健身房 | 零食下午茶 | 五险一金 | 带薪年假 | 员工旅游 | 餐补 | 补充医疗保险 | 股票期权,肖女士,研发招聘
14c2c22b8eefd2931Hd-3tm1EVBY,技术总监,25-40K·13薪,经验不限 | 本科,经验不限,本科,深圳,南山区,科技园,北京海量数据,1000-9999人,已上市,Oracle | PostgreSQL,健身房 | 股票期权 | 节日福利 | 五险一金 | 零食下午茶 | 定期体检 | 补充医疗保险 | 带薪年假 | 员工旅游 | 餐补,徐冰,招聘专员
b56193068abb0cf60nZ72tS_E1ZT,研发AI效能工程师,28-45K,经验不限 | 本科,经验不限,本科,南京,浦口区,江浦,北京海量数据,1000-9999人,已上市,深度学习 | 大模型算法 | 自然语言处理算法 | 模型加速/性能优化 | C/C++ | 算法工程化经验 | AI,餐补 | 定期体检 | 员工旅游 | 补充医疗保险 | 零食下午茶 | 健身房 | 节日福利 | 五险一金 | 股票期权 | 带薪年假,景先生,人才挖猎专家
c7bd0cacced762f203V-2dy5FVdU,中高级测试工程师/专家,18-25K·13薪,3-5年 | 本科,3-5年,本科,西安,雁塔区,电子城,北京海量数据,1000-9999人,已上市,功能测试 | 性能测试 | Python | Java | 数据库测试,五险一金 | 餐补 | 带薪年假 | 补充医疗保险 | 定期体检 | 员工旅游 | 股票期权 | 零食下午茶 | 节日福利 | 健身房,张女士,招聘经理
bb2dd03c6c1dde0e0nd729--F1RZ,DBA,20-25K·13薪,5-10年 | 本科,5-10年,本科,广州,天河区,棠下,北京海量数据,1000-9999人,已上市,,餐补 | 定期体检 | 健身房 | 股票期权 | 五险一金 | 补充医疗保险 | 零食下午茶 | 节日福利 | 带薪年假 | 员工旅游,孙楚琪,招聘专员
387aaf427d15756003B_2Nq5ElNZ,工具产品规划负责人,25-45K·13薪,经验不限 | 本科,经验不限,本科,广州,天河区,天河公园,北京海量数据,1000-9999人,已上市,,五险一金 | 零食下午茶 | 定期体检 | 员工旅游 | 股票期权 | 餐补 | 补充医疗保险 | 节日福利 | 健身房 | 带薪年假,金女士,招聘经理
2ffed42ca254548503d42tS9FFNQ,C/C++工程师,20-35K·13薪,1-3年 | 本科,1-3年,本科,南京,建邺区,江东,北京海量数据,1000-9999人,已上市,C++ | C | PostgreSQL | MySQL | Redis | Oracle | Linux开发/部署经验,节日福利 | 定期体检 | 健身房 | 零食下午茶 | 员工旅游 | 补充医疗保险 | 五险一金 | 股票期权 | 餐补 | 带薪年假,肖女士,研发招聘
4c8f27da296bc0a81HNy2dm6EFJW,数据库运维工程师（高级或专家）,25-35K·13薪,经验不限 | 本科,经验不限,本科,上海,长宁区,北新泾,北京海量数据,1000-9999人,已上市,PostgreSQL | Oracle,员工旅游 | 五险一金 | 健身房 | 股票期权 | 餐补 | 零食下午茶 | 补充医疗保险 | 定期体检 | 节日福利 | 带薪年假,徐冰,招聘专员
0a2fa2a08a90a0c90nVy2t26GFFY,数据库内核开发工程师（C/C++）,25-40K,经验不限 | 本科,经验不限,本科,西安,雁塔区,电子城,北京海量数据,1000-9999人,已上市,C++ | C | 数据库开发经验,定期体检 | 健身房 | 股票期权 | 五险一金 | 补充医疗保险 | 员工旅游 | 餐补 | 节日福利 | 零食下午茶 | 带薪年假,张女士,招聘经理
90977209a4e4f4fb03R82ti0FFRS,数据库内核开发工程师,22-40K,3-5年 | 本科,3-5年,本科,西安,雁塔区,高新路,北京海量数据,1000-9999人,已上市,C++ | C | MySQL | 架构设计经验,补充医疗保险 | 带薪年假 | 零食下午茶 | 股票期权 | 餐补 | 健身房 | 五险一金 | 节日福利 | 员工旅游 | 定期体检,景先生,人才挖猎专家
02f462860189674d1HB43ty9FltX,C/C++工程师,20-40K·13薪,1-3年 | 本科,1-3年,本科,天津,河西区,大营门,北京海量数据,1000-9999人,已上市,C++ | C | 分布式经验 | 数据库开发经验 | Linux | 算法基础 | 多线程 | 架构师 | 初级软件工程师 | 高级软件工程师 | 数据结构 | 中级软件工程师,零食下午茶 | 员工旅游 | 五险一金 | 节日福利 | 带薪年假 | 定期体检 | 餐补 | 补充医疗保险 | 股票期权 | 健身房,肖女士,研发招聘
8f488f8dcc3448aa0nd-3Nq6FFBQ,工具软件测试工程师,17-28K·13薪,经验不限 | 本科,经验不限,本科,西安,雁塔区,电子城,北京海量数据,1000-9999人,已上市,Java | Python | Golang | 计算机相关专业 | 运维管理软件,补充医疗保险 | 健身房 | 节日福利 | 定期体检 | 员工旅游 | 餐补 | 股票期权 | 五险一金 | 零食下午茶 | 带薪年假,金女士,招聘经理
89e67872fa2bf33d03xz0tm1GFFS,DBA（中高级）,16-28K·13薪,经验不限 | 本科,经验不限,本科,北京,海淀区,五道口,北京海量数据,1000-9999人,已上市,Oracle | PostgreSQL,带薪年假 | 餐补 | 五险一金 | 节日福利 | 定期体检 | 补充医疗保险 | 员工旅游 | 健身房 | 零食下午茶 | 股票期权,徐冰,招聘专员
a968d9ebf32c50ea0nZ82Nq7FFtR,工具开发工程师（数据库AI方向）,20-35K,3-5年 | 本科,3-5年,本科,西安,雁塔区,高新路,北京海量数据,1000-9999人,已上市,Java | C | C++ | PostgreSQL | 云计算经验 | AI | 大模型,五险一金 | 节日福利 | 员工旅游 | 股票期权 | 带薪年假 | 定期体检 | 餐补 | 补充医疗保险 | 零食下午茶 | 健身房,景先生,人才挖猎专家
2387f55cdb49ba831HBy39-7E1tQ,中/高/资深java开发工程师-自研,20-40K,3-5年 | 本科,3-5年,本科,广州,天河区,天河公园,北京海量数据,1000-9999人,已上市,Java | Kafka | PostgreSQL | 数据库工具,五险一金 | 补充医疗保险 | 员工旅游 | 股票期权 | 定期体检 | 带薪年假 | 零食下午茶 | 餐补 | 节日福利 | 健身房,张女士,招聘经理
0150322c238cfa1903Vz3t-6GFpQ,驱动工程师,20-40K·13薪,1-3年 | 本科,1-3年,本科,西安,雁塔区,高新路,北京海量数据,1000-9999人,已上市,C++ | C | 架构设计经验,股票期权 | 五险一金 | 健身房 | 零食下午茶 | 带薪年假 | 员工旅游 | 餐补 | 补充医疗保险 | 定期体检 | 节日福利,肖女士,研发招聘
122b41a45c6756170nR73t-5FltT,数据库内核架构师,40-65K,经验不限 | 本科,经验不限,本科,西安,雁塔区,电子城,北京海量数据,1000-9999人,已上市,SQL,定期体检 | 带薪年假 | 员工旅游 | 股票期权 | 补充医疗保险 | 节日福利 | 五险一金 | 餐补 | 健身房 | 零食下午茶,金女士,招聘经理
8f1847f1d4c189ff03F_2Nq5GFNR,技术总监,45-65K,5-10年 | 本科,5-10年,本科,北京,海淀区,学院路,北京海量数据,1000-9999人,已上市,电子/通信/半导体 | 数据库 | 数据迁移,五险一金 | 带薪年假 | 零食下午茶 | 节日福利 | 员工旅游 | 健身房 | 餐补 | 定期体检 | 股票期权 | 补充医疗保险,景先生,人才挖猎专家
d28a25a6539277301H143dq6FlBX,DBA（中高级）,20-30K·13薪,经验不限 | 本科,经验不限,本科,北京,海淀区,五道口,北京海量数据,1000-9999人,已上市,计算机相关专业,股票期权 | 零食下午茶 | 健身房 | 定期体检 | 补充医疗保险 | 餐补 | 五险一金 | 节日福利 | 员工旅游 | 带薪年假,徐冰,招聘专员
529bb7fa844eba8603J50tu9EFtY,数据库工具负责人,40-70K,5-10年 | 本科,5-10年,本科,成都,武侯区,桂溪,北京海量数据,1000-9999人,已上市,DTS | 数据库工具 | 数据库迁移 | 数据同步,健身房 | 节日福利 | 餐补 | 五险一金 | 零食下午茶 | 员工旅游 | 带薪年假 | 定期体检 | 股票期权 | 补充医疗保险,张女士,招聘经理
425226f6337c97191HBy2N68FlZX,数据库内核开发工程师,20-40K·13薪,3-5年 | 本科,3-5年,本科,天津,河西区,大营门,北京海量数据,1000-9999人,已上市,C++ | C | 分布式经验 | 微服务经验 | 数据库开发经验 | Linux | PostgreSQL | 分布式技术 | 架构设计经验 | Linux开发/部署经验,健身房 | 餐补 | 定期体检 | 股票期权 | 补充医疗保险 | 员工旅游 | 带薪年假 | 五险一金 | 零食下午茶 | 节日福利,肖女士,研发招聘
b6f103622263f23c0nR73t-_FlFQ,数据库内核架构师,40-70K,经验不限 | 本科,经验不限,本科,北京,海淀区,二里庄,北京海量数据,1000-9999人,已上市,C语言 | 存储 | SQL,五险一金 | 员工旅游 | 带薪年假 | 股票期权 | 节日福利 | 零食下午茶 | 补充医疗保险 | 餐补 | 定期体检 | 健身房,金女士,招聘经理
085613284f2fab7803V42dq6EVtS,DBA,20-30K·13薪,经验不限 | 本科,经验不限,本科,杭州,西湖区,西溪,北京海量数据,1000-9999人,已上市,PostgreSQL | Oracle,节日福利 | 补充医疗保险 | 带薪年假 | 五险一金 | 餐补 | 定期体检 | 股票期权 | 员工旅游 | 零食下午茶 | 健身房,徐冰,招聘专员
02968bdfacdc651103N-29m4EldY,数据库内核开发工程师,25-45K,经验不限 | 本科,经验不限,本科,成都,武侯区,孵化园,北京海量数据,1000-9999人,已上市,C++ | C | MySQL | Redis | Oracle | PostgreSQL | 数据库开发经验 | 数据库,五险一金 | 补充医疗保险 | 定期体检 | 零食下午茶 | 健身房 | 员工旅游 | 餐补 | 节日福利 | 股票期权 | 带薪年假,景先生,人才挖猎专家
40e68a2625f4c64103d43d67FVJU,中高级测试工程师/专家,20-40K,3-5年 | 本科,3-5年,本科,广州,天河区,天河公园,北京海量数据,1000-9999人,已上市,功能测试 | 性能测试 | Python | Java | 数据库测试,补充医疗保险 | 餐补 | 节日福利 | 带薪年假 | 员工旅游 | 零食下午茶 | 股票期权 | 健身房 | 五险一金 | 定期体检,张女士,招聘经理
fa5937595152e12b1HBz29i8FVFW,数据库测试工程师（自研-双休）,18-35K·13薪,1-3年 | 本科,1-3年,本科,西安,雁塔区,高新路,北京海量数据,1000-9999人,已上市,自动化测试经验 | Java | 测试工作经验 | 自动化测试 | 功能测试 | 计算机相关专业 | Python,零食下午茶 | 带薪年假 | 五险一金 | 定期体检 | 员工旅游 | 健身房 | 股票期权 | 节日福利 | 补充医疗保险 | 餐补,肖女士,研发招聘
8e19833a7ad5e50b1HJz0t29EVBT,数据库内核研发工程师/专家,30-55K·13薪,经验不限 | 本科,经验不限,本科,北京,海淀区,五道口,北京海量数据,1000-9999人,已上市,C | C++ | Oracle | PostgreSQL | Linux开发/部署经验 | 数据库内核,补充医疗保险 | 餐补 | 定期体检 | 零食下午茶 | 五险一金 | 员工旅游 | 股票期权 | 带薪年假 | 节日福利 | 健身房,金女士,招聘经理
482bd9b07ac8c76a0nVz2dy1EFBS,研发效能专家,35-55K,3-5年 | 本科,3-5年,本科,成都,武侯区,孵化园,北京海量数据,1000-9999人,已上市,深度学习 | 大模型算法 | 数据挖掘 | 推荐算法 | C/C++ | Python | Java | 算法工程化经验 | AI,五险一金 | 零食下午茶 | 定期体检 | 节日福利 | 带薪年假 | 餐补 | 员工旅游 | 健身房 | 补充医疗保险 | 股票期权,景先生,人才挖猎专家
54760775922576f60nVy2t25F1JT,数据库内核开发工程师（C/C++）,25-40K,经验不限 | 本科,经验不限,本科,天津,南开区,王顶堤,北京海量数据,1000-9999人,已上市,C++ | C | 数据库开发经验,员工旅游 | 节日福利 | 定期体检 | 五险一金 | 补充医疗保险 | 股票期权 | 餐补 | 带薪年假 | 零食下午茶 | 健身房,张女士,招聘经理
b6f99e603fcfbffd0nZ83ty4GVBT,AI工具开发（数据库生态工具AI化）,20-40K·13薪,经验不限 | 本科,经验不限,本科,西安,雁塔区,高新路,北京海量数据,1000-9999人,已上市,JVM | AI工具 | Java | C++ | C | 智能问答库 | PostgreSQL | SpringCloud | Kafka | 大模型,五险一金 | 健身房 | 带薪年假 | 员工旅游 | 定期体检 | 股票期权 | 节日福利 | 餐补 | 零食下午茶 | 补充医疗保险,肖女士,研发招聘
b0953c42f05e962503Z43dy8FVtV,数据库内核工程师/专家（存储/SQL-C/C++）,23-45K·13薪,经验不限 | 本科,经验不限,本科,天津,南开区,王顶堤,北京海量数据,1000-9999人,已上市,C++ | C | Oracle | PostgreSQL | MySQL | 存储引擎 | SQL引擎 | 兼容性,定期体检 | 零食下午茶 | 五险一金 | 节日福利 | 带薪年假 | 健身房 | 餐补 | 股票期权 | 补充医疗保险 | 员工旅游,金女士,招聘经理
3465500e2236e8f30nVz3t60ElZX,数据库内核开发工程师,20-40K,经验不限 | 本科,经验不限,本科,北京,海淀区,二里庄,北京海量数据,1000-9999人,已上市,C++ | C | 数据库开发经验,补充医疗保险 | 餐补 | 健身房 | 五险一金 | 定期体检 | 零食下午茶 | 节日福利 | 股票期权 | 带薪年假 | 员工旅游,张女士,招聘经理
52a6d55e589cff6a0nV839u1FFNS,版本开发部工具软件SE,35-50K,5-10年 | 本科,5-10年,本科,广州,天河区,棠下,北京海量数据,1000-9999人,已上市,Java | Python | Go | 微服务架构 | 分布式技术 | AI | 人工智能,定期体检 | 五险一金 | 餐补 | 补充医疗保险 | 股票期权 | 节日福利 | 员工旅游 | 零食下午茶 | 带薪年假 | 健身房,景先生,人才挖猎专家
8c4c4ee69969566a1HJy29m7FFBU,数据库内核专家-存储/查询引擎,25-50K·13薪,3-5年 | 本科,3-5年,本科,天津,河西区,大营门,北京海量数据,1000-9999人,已上市,C++ | C | 数据库开发经验 | PostgreSQL | Redis | 架构设计经验 | Linux开发/部署经验,定期体检 | 补充医疗保险 | 节日福利 | 零食下午茶 | 带薪年假 | 健身房 | 餐补 | 五险一金 | 股票期权 | 员工旅游,肖女士,研发招聘
f973759bdf420a400nZ839q_E1tZ,数据库工具开发工程师/专家（AI方向）,20-40K·13薪,经验不限 | 本科,经验不限,本科,南京,建邺区,江东,北京海量数据,1000-9999人,已上市,Python | Java | MySQL | Oracle | PostgreSQL,补充医疗保险 | 节日福利 | 健身房 | 零食下午茶 | 带薪年假 | 股票期权 | 定期体检 | 五险一金 | 员工旅游 | 餐补,金女士,招聘经理
7cf70b57b2e445c90nVy2t27GVZU,数据库内核开发工程师（C/C++）,25-40K,经验不限 | 本科,经验不限,本科,成都,武侯区,桂溪,北京海量数据,1000-9999人,已上市,C++ | C | 数据库开发经验,员工旅游 | 零食下午茶 | 定期体检 | 节日福利 | 健身房 | 补充医疗保险 | 五险一金 | 股票期权 | 餐补 | 带薪年假,张女士,招聘经理
369073bcd1e249a503F_2du0EVBX,技术总监,45-65K,5-10年 | 本科,5-10年,本科,广州,天河区,棠下,北京海量数据,1000-9999人,已上市,互联网/AI | 数据库 | 数据迁移,带薪年假 | 股票期权 | 定期体检 | 零食下午茶 | 健身房 | 员工旅游 | 补充医疗保险 | 节日福利 | 五险一金 | 餐补,景先生,人才挖猎专家
8df7baf87817ec570nV929W4EVVX,数据库内核专家/架构师,30-60K·13薪,5-10年 | 本科,5-10年,本科,成都,武侯区,桂溪,北京海量数据,1000-9999人,已上市,分布式技术,定期体检 | 员工旅游 | 五险一金 | 带薪年假 | 健身房 | 节日福利 | 零食下午茶 | 补充医疗保险 | 餐补 | 股票期权,肖女士,研发招聘
ed8c3c80835ddb160nV709q0EVpQ,数据库工具软件业务Owner,35-65K·13薪,5-10年 | 本科,5-10年,本科,西安,雁塔区,电子城,北京海量数据,1000-9999人,已上市,数据库工具 | 业务owner | 端到端负责,五险一金 | 节日福利 | 带薪年假 | 健身房 | 定期体检 | 股票期权 | 餐补 | 补充医疗保险 | 零食下午茶 | 员工旅游,金女士,招聘经理
29498ffeb6ffaea303R-29-8E1JV,数据库内核开发工程师,25-50K,5-10年 | 本科,5-10年,本科,广州,天河区,棠下,北京海量数据,1000-9999人,已上市,C++ | 架构设计经验 | 存储引擎 | SQL引擎,员工旅游 | 零食下午茶 | 健身房 | 补充医疗保险 | 带薪年假 | 节日福利 | 定期体检 | 五险一金 | 股票期权 | 餐补,景先生,人才挖猎专家
84ce8e7343203d1a1HB43ty9EFpU,C/C++工程师,20-40K·13薪,1-3年 | 本科,1-3年,本科,西安,雁塔区,高新路,北京海量数据,1000-9999人,已上市,C++ | C | 数据库开发经验 | Linux | 算法基础 | 多线程 | 架构师 | 初级软件工程师 | 架构设计经验 | 高级软件工程师 | 数据结构 | 中级软件工程师,员工旅游 | 股票期权 | 节日福利 | 定期体检 | 带薪年假 | 零食下午茶 | 五险一金 | 补充医疗保险 | 餐补 | 健身房,肖女士,研发招聘
15018943266c40d10nR73t-5E1ZX,数据库内核架构师,40-65K,经验不限 | 本科,经验不限,本科,天津,南开区,王顶堤,北京海量数据,1000-9999人,已上市,SQL,节日福利 | 补充医疗保险 | 餐补 | 股票期权 | 定期体检 | 员工旅游 | 带薪年假 | 五险一金 | 健身房 | 零食下午茶,金女士,招聘经理
6e91aa2c910a4f3b03F_2du1GFBQ,技术总监,45-65K,5-10年 | 本科,5-10年,本科,西安,雁塔区,高新路,北京海量数据,1000-9999人,已上市,互联网/AI | 数据库 | 数据迁移,补充医疗保险 | 节日福利 | 零食下午茶 | 带薪年假 | 定期体检 | 健身房 | 股票期权 | 员工旅游 | 餐补 | 五险一金,景先生,人才挖猎专家
ee193fba098299f103d43t6-GFFT,数据库内核开发工程师,20-40K·13薪,1-3年 | 本科,1-3年,本科,南京,建邺区,江东,北京海量数据,1000-9999人,已上市,C++ | C | 数据库开发经验,补充医疗保险 | 节日福利 | 零食下午茶 | 员工旅游 | 五险一金 | 带薪年假 | 定期体检 | 餐补 | 股票期权 | 健身房,肖女士,研发招聘
d24727c8295e1ac103Z43dy_FFJR,数据库内核工程师/专家（存储/SQL-C/C++）,23-45K·13薪,经验不限 | 本科,经验不限,本科,西安,雁塔区,电子城,北京海量数据,1000-9999人,已上市,C++ | C | Oracle | PostgreSQL | MySQL | 存储引擎 | SQL引擎 | 兼容性,股票期权 | 健身房 | 定期体检 | 补充医疗保险 | 餐补 | 带薪年假 | 零食下午茶 | 节日福利 | 员工旅游 | 五险一金,金女士,招聘经理
d6bcb7ac18fd424b03F_2du0E1pR,技术总监,45-60K·13薪,5-10年 | 本科,5-10年,本科,天津,南开区,王顶堤,北京海量数据,1000-9999人,已上市,互联网/AI | 数据迁移 | 数据库,员工旅游 | 餐补 | 五险一金 | 补充医疗保险 | 股票期权 | 零食下午茶 | 健身房 | 定期体检 | 节日福利 | 带薪年假,景先生,人才挖猎专家
fd1b57a6253509ec03xz3NW_F1NQ,数据库内核开发专家,30-60K·13薪,5-10年 | 本科,5-10年,本科,广州,天河区,棠下,北京海量数据,1000-9999人,已上市,,五险一金 | 定期体检 | 补充医疗保险 | 健身房 | 带薪年假 | 员工旅游 | 餐补 | 节日福利 | 零食下午茶 | 股票期权,肖女士,研发招聘
cce174941bad9a680nR73t--EltZ,数据库内核架构师,35-65K,经验不限 | 本科,经验不限,本科,成都,武侯区,桂溪,北京海量数据,1000-9999人,已上市,SQL,补充医疗保险 | 股票期权 | 餐补 | 健身房 | 节日福利 | 定期体检 | 带薪年假 | 员工旅游 | 五险一金 | 零食下午茶,金女士,招聘经理
3c6d2e7e4881b70103F_2du1FVpV,技术总监,45-65K·13薪,5-10年 | 本科,5-10年,本科,成都,锦江区,汪家拐,北京海量数据,1000-9999人,已上市,互联网/AI | 数据迁移 | 数据库,餐补 | 股票期权 | 五险一金 | 员工旅游 | 健身房 | 补充医疗保险 | 定期体检 | 节日福利 | 带薪年假 | 零食下午茶,景先生,人才挖猎专家
654d9772dbf6c4f703Zz29q0F1tU,内核专家-存储/查询引擎,20-40K·14薪,5-10年 | 本科,5-10年,本科,西安,雁塔区,高新路,北京海量数据,1000-9999人,已上市,C++ | C | 数据库开发经验,健身房 | 带薪年假 | 节日福利 | 员工旅游 | 股票期权 | 补充医疗保险 | 餐补 | 五险一金 | 零食下午茶 | 定期体检,肖女士,研发招聘
407a816ac53f06eb03d72N-1EldV,数据库工具开发工程师/专家（Java）,18-35K·13薪,经验不限 | 本科,经验不限,本科,南京,建邺区,江东,北京海量数据,1000-9999人,已上市,Java | Spring | SpringCloud | MySQL | Oracle | PostgreSQL | 架构设计经验,餐补 | 五险一金 | 定期体检 | 股票期权 | 健身房 | 员工旅游 | 带薪年假 | 节日福利 | 零食下午茶 | 补充医疗保险,金女士,招聘经理
b670bdc422ea721903R82ti1GFNT,数据库内核开发工程师,25-40K,3-5年 | 本科,3-5年,本科,南京,浦口区,江浦,北京海量数据,1000-9999人,已上市,C++ | C | OpenGL | Linux开发/部署经验,定期体检 | 带薪年假 | 节日福利 | 员工旅游 | 五险一金 | 零食下午茶 | 股票期权 | 补充医疗保险 | 健身房 | 餐补,景先生,人才挖猎专家
b3e2f17d4de997d71HB93d-_GVNX,数据库内核开发工程师-- 存储/SQL引擎,30-55K·13薪,5-10年 | 本科,5-10年,本科,北京,海淀区,苏州桥,北京海量数据,1000-9999人,已上市,C++ | C | 数据库开发经验 | Linux | PostgreSQL | MySQL | 分布式技术 | Linux开发/部署经验,餐补 | 股票期权 | 零食下午茶 | 带薪年假 | 健身房 | 补充医疗保险 | 定期体检 | 五险一金 | 节日福利 | 员工旅游,肖女士,研发招聘
ddb6908ceb56c7c303Z43dy9ElVS,数据库内核工程师/专家（存储/SQL-C/C++）,20-40K·13薪,经验不限 | 本科,经验不限,本科,南京,建邺区,江东,北京海量数据,1000-9999人,已上市,C++ | C | Oracle | PostgreSQL | MySQL | 存储引擎 | SQL引擎 | 兼容性,股票期权 | 健身房 | 节日福利 | 补充医疗保险 | 零食下午茶 | 员工旅游 | 五险一金 | 定期体检 | 带薪年假 | 餐补,金女士,招聘经理
e743796d7a38c6ea03F_2du0ElRR,技术总监,45-65K·13薪,5-10年 | 本科,5-10年,本科,南京,浦口区,江浦,北京海量数据,1000-9999人,已上市,互联网/AI | 数据库 | 数据迁移,五险一金 | 补充医疗保险 | 零食下午茶 | 健身房 | 股票期权 | 定期体检 | 节日福利 | 员工旅游 | 餐补 | 带薪年假,景先生,人才挖猎专家
637600a1c7a96a9e1HB439q4GFtZ,软件测试工程师（自研-双休）,20-40K·13薪,1-3年 | 本科,1-3年,本科,西安,雁塔区,高新路,北京海量数据,1000-9999人,已上市,测试工作经验 | 自动化测试 | 功能测试 | 计算机相关专业 | 掌握软件测试理论和流程,节日福利 | 零食下午茶 | 定期体检 | 股票期权 | 带薪年假 | 健身房 | 员工旅游 | 餐补 | 五险一金 | 补充医疗保险,肖女士,研发招聘
16051d5ec100ca4903J-2du5FltR,数据库工具技术负责人/专家（数据库迁移）,35-60K·13薪,经验不限 | 本科,经验不限,本科,北京,海淀区,二里庄,北京海量数据,1000-9999人,已上市,Java | Spring | Oracle | MySQL | 架构设计经验 | 数据迁移 | 数据同步,健身房 | 餐补 | 员工旅游 | 股票期权 | 零食下午茶 | 补充医疗保险 | 定期体检 | 节日福利 | 五险一金 | 带薪年假,金女士,招聘经理
9b821cc32dba4f1b03B_2Nq-EVZU,数据库工具产品经理,20-40K·13薪,3-5年 | 本科,3-5年,本科,广州,天河区,棠下,北京海量数据,1000-9999人,已上市,数据产品 | G端产品/政务产品 | 云计算产品,零食下午茶 | 定期体检 | 五险一金 | 股票期权 | 餐补 | 节日福利 | 健身房 | 带薪年假 | 员工旅游 | 补充医疗保险,肖女士,研发招聘
d57d6526e1503e2e03J_0tu8FFpW,数据库内核研发（C/C++~SQL引擎/存储引擎）,25-50K·13薪,经验不限 | 本科,经验不限,本科,成都,武侯区,桂溪,北京海量数据,1000-9999人,已上市,C++ | C | Oracle | PostgreSQL | MySQL | 数据库开发经验 | 数据库内核 | 存储引擎 | SQL引擎,五险一金 | 零食下午茶 | 带薪年假 | 节日福利 | 健身房 | 员工旅游 | 餐补 | 股票期权 | 补充医疗保险 | 定期体检,金女士,招聘经理
a456269df13e7c6503x829S4GVBT,驱动工程师-数据库,15-30K·13薪,3-5年 | 本科,3-5年,本科,广州,天河区,棠下,北京海量数据,1000-9999人,已上市,C/C++ | 计算机相关专业,零食下午茶 | 员工旅游 | 五险一金 | 带薪年假 | 餐补 | 节日福利 | 股票期权 | 补充医疗保险 | 定期体检 | 健身房,肖女士,研发招聘
e86b40d9a48cca6103Z43d-4EVpT,数据库工具开发工程师/专家（Java）,18-35K·13薪,经验不限 | 本科,经验不限,本科,西安,雁塔区,电子城,北京海量数据,1000-9999人,已上市,Java | Spring | SpringCloud | MySQL | Oracle | PostgreSQL | 架构设计经验,健身房 | 五险一金 | 带薪年假 | 股票期权 | 定期体检 | 零食下午茶 | 餐补 | 节日福利 | 员工旅游 | 补充医疗保险,金女士,招聘经理
4a195f98d69614d91HB439q6E1ZV,C/C++工程师,20-40K·13薪,1-3年 | 本科,1-3年,本科,广州,天河区,棠下,北京海量数据,1000-9999人,已上市,C++ | C | 数据库开发经验 | Linux | 算法基础 | 多线程 | 架构师 | 初级软件工程师 | 高级软件工程师 | 数据结构 | 中级软件工程师,健身房 | 五险一金 | 餐补 | 股票期权 | 带薪年假 | 定期体检 | 员工旅游 | 节日福利 | 零食下午茶 | 补充医疗保险,肖女士,研发招聘
8ca5060dc420f89003Z43dy_EFBW,数据库内核工程师/专家（存储/SQL-C/C++）,23-45K·13薪,经验不限 | 本科,经验不限,本科,广州,天河区,天河公园,北京海量数据,1000-9999人,已上市,C++ | C | Oracle | PostgreSQL | MySQL | 存储引擎 | SQL引擎 | 兼容性,节日福利 | 股票期权 | 健身房 | 五险一金 | 定期体检 | 员工旅游 | 餐补 | 带薪年假 | 零食下午茶 | 补充医疗保险,金女士,招聘经理
2c2dc3b8cc03afa00nZ83ty4EFJS,AI工具开发（数据库生态工具AI化）,20-40K·13薪,经验不限 | 本科,经验不限,本科,广州,天河区,棠下,北京海量数据,1000-9999人,已上市,JVM | AI工具 | Java | C++ | C | 智能问答库 | PostgreSQL | SpringCloud | Kafka | 大模型,补充医疗保险 | 员工旅游 | 节日福利 | 股票期权 | 定期体检 | 健身房 | 带薪年假 | 餐补 | 零食下午茶 | 五险一金,肖女士,研发招聘
36646c6ffb3e01d703J-2dq9GFdS,数据库工具技术负责人/专家-数据库迁移,25-40K·13薪,经验不限 | 本科,经验不限,本科,南京,建邺区,江东,北京海量数据,1000-9999人,已上市,Java | Spring | MySQL | Oracle | 架构设计经验 | 不接受居家办公 | 数据迁移 | 数据同步,员工旅游 | 五险一金 | 股票期权 | 零食下午茶 | 节日福利 | 补充医疗保险 | 餐补 | 健身房 | 定期体检 | 带薪年假,金女士,招聘经理
12c0185a49bd957b1HN-2N-1F1RQ,服务端测试工程师,15-30K·13薪,1-3年 | 本科,1-3年,本科,西安,雁塔区,高新路,北京海量数据,1000-9999人,已上市,Java | Shell | 测试工作经验 | 自动化测试 | 性能测试 | 功能测试 | 计算机相关专业 | 掌握软件测试理论和流程 | Python,五险一金 | 零食下午茶 | 定期体检 | 节日福利 | 健身房 | 员工旅游 | 补充医疗保险 | 带薪年假 | 股票期权 | 餐补,肖女士,研发招聘
82b49765bad6bab903Vy2tS8F1VU,数据库内核工程师-双休,20-40K·13薪,1-3年 | 本科,1-3年,本科,西安,雁塔区,高新路,北京海量数据,1000-9999人,已上市,C++ | C | 分布式经验 | 数据库开发经验 | PostgreSQL | Oracle | Linux开发/部署经验,带薪年假 | 零食下午茶 | 补充医疗保险 | 餐补 | 员工旅游 | 股票期权 | 五险一金 | 节日福利 | 定期体检 | 健身房,肖女士,研发招聘
771dd58e05d616b703R63960GVVS,数据库内核开发工程师,20-40K·13薪,1-3年 | 本科,1-3年,本科,南京,建邺区,江东,北京海量数据,1000-9999人,已上市,C++ | C | Linux开发/部署经验,五险一金 | 健身房 | 带薪年假 | 股票期权 | 零食下午茶 | 餐补 | 定期体检 | 节日福利 | 补充医疗保险 | 员工旅游,肖女士,研发招聘
9299ee330a5404ef03Z-2NW_FlVY,Java-数据库工具（迁移、云管、运维监控）,20-35K·13薪,3-5年 | 本科,3-5年,本科,南京,建邺区,江东,北京海量数据,1000-9999人,已上市,Java | 大数据经验 | 不接受居家办公 | Kafka | Redis | 云计算经验 | 架构设计经验 | Spring,零食下午茶 | 补充医疗保险 | 餐补 | 股票期权 | 健身房 | 员工旅游 | 五险一金 | 定期体检 | 带薪年假 | 节日福利,肖女士,研发招聘
40268c41034f746703Z_09u0F1FV,Java-数据库迁移,20-40K·13薪,3-5年 | 本科,3-5年,本科,北京,海淀区,苏州桥,北京海量数据,1000-9999人,已上市,Java | 大数据经验 | 不接受居家办公 | Elasticsearch | MySQL | 云计算经验 | Oracle,健身房 | 餐补 | 补充医疗保险 | 股票期权 | 五险一金 | 带薪年假 | 员工旅游 | 定期体检 | 节日福利 | 零食下午茶,肖女士,研发招聘
556adbf76bfaed3c0nd-3NS1FlFW,工具测试工程师,20-30K·13薪,3-5年 | 本科,3-5年,本科,西安,雁塔区,高新路,北京海量数据,1000-9999人,已上市,数据库 | 数据库生态工具,补充医疗保险 | 定期体检 | 股票期权 | 餐补 | 节日福利 | 带薪年假 | 员工旅游 | 健身房 | 零食下午茶 | 五险一金,肖女士,研发招聘
663403864dbbf1c403By2dm6FlNV,迁移工具专家,35-50K·13薪,5-10年 | 本科,5-10年,本科,西安,雁塔区,高新路,北京海量数据,1000-9999人,已上市,Java | 大数据经验 | 团队管理经验 | SpringCloud | MySQL | MyBatis | Spring,带薪年假 | 零食下午茶 | 定期体检 | 节日福利 | 五险一金 | 健身房 | 员工旅游 | 餐补 | 补充医疗保险 | 股票期权,肖女士,研发招聘
891233c03d33ca520nd-3Nq7FVdS,工具测试工程师,20-30K·13薪,3-5年 | 本科,3-5年,本科,广州,天河区,棠下,北京海量数据,1000-9999人,已上市,数据库 | 数据库生态工具,五险一金 | 定期体检 | 员工旅游 | 健身房 | 补充医疗保险 | 带薪年假 | 股票期权 | 节日福利 | 餐补 | 零食下午茶,肖女士,研发招聘
551d6e9ae6d67f0403R609q7FlFQ,数据库工具专家,20-40K·13薪,5-10年 | 本科,5-10年,本科,北京,海淀区,苏州桥,北京海量数据,1000-9999人,已上市,Java | 不接受居家办公 | PostgreSQL | MySQL | Kafka | 架构设计经验 | Spring,餐补 | 零食下午茶 | 带薪年假 | 定期体检 | 补充医疗保险 | 五险一金 | 节日福利 | 健身房 | 股票期权 | 员工旅游,肖女士,研发招聘
4e8af881b1ecfc2303By2dm7EFpY,迁移工具专家,35-50K·13薪,5-10年 | 本科,5-10年,本科,广州,天河区,棠下,北京海量数据,1000-9999人,已上市,Java | 大数据经验 | 团队管理经验 | SpringCloud | MySQL | MyBatis | Spring,定期体检 | 员工旅游 | 零食下午茶 | 五险一金 | 餐补 | 带薪年假 | 股票期权 | 节日福利 | 健身房 | 补充医疗保险,肖女士,研发招聘
ad53353db8b9c4e81HB42NW-GVFS,数据库内核开发工程师-- 存储引擎,20-40K·13薪,3-5年 | 本科,3-5年,本科,广州,天河区,棠下,北京海量数据,1000-9999人,已上市,C++ | C | 分布式经验 | 数据库开发经验 | Linux | PostgreSQL | MySQL | 分布式技术 | Redis | 架构设计经验 | Oracle,五险一金 | 补充医疗保险 | 定期体检 | 股票期权 | 带薪年假 | 健身房 | 餐补 | 员工旅游 | 零食下午茶 | 节日福利,肖女士,研发招聘
5576d19f5bcee75c03By2dm7FVZU,迁移工具专家,35-50K·13薪,5-10年 | 本科,5-10年,本科,南京,建邺区,江东,北京海量数据,1000-9999人,已上市,Java | 大数据经验 | 团队管理经验 | SpringCloud | MySQL | MyBatis | Spring,带薪年假 | 定期体检 | 节日福利 | 健身房 | 股票期权 | 员工旅游 | 补充医疗保险 | 餐补 | 零食下午茶 | 五险一金,肖女士,研发招聘
769855f7b7de07f81HBz2Nq1FVJT,数据库内核开发工程师-双休,20-40K·13薪,1-3年 | 本科,1-3年,本科,广州,天河区,棠下,北京海量数据,1000-9999人,已上市,数据库内核开发经验 | C/C++ | PostgreSQL原理/源码 | MySQL原理/源码 | sql引擎 | 要求数据开发经验 | 数据库内核 | 非外包类 | 存储引擎 | 其他 | Oracle原理/源码 | 计算机相关专业,五险一金 | 补充医疗保险 | 带薪年假 | 餐补 | 定期体检 | 员工旅游 | 节日福利 | 股票期权 | 健身房 | 零食下午茶,肖女士,研发招聘
22a87f75af539fd503By2dm1FFtX,迁移工具专家,35-50K·13薪,5-10年 | 本科,5-10年,本科,成都,武侯区,桂溪,北京海量数据,1000-9999人,已上市,Java | 大数据经验 | 团队管理经验 | SpringCloud | MySQL | MyBatis | Spring,零食下午茶 | 带薪年假 | 餐补 | 股票期权 | 健身房 | 员工旅游 | 定期体检 | 节日福利 | 五险一金 | 补充医疗保险,肖女士,研发招聘
a874655ca2a87abf0nZ93tS6EFRV,销售经理,10-15K,1-3年 | 本科,1-3年,本科,北京,,,海量数据,100-499人,,企业（To B） | 对企业/机构（To B）销售经验 | 数据库 | 软件,,黎虹,招聘专家
0c619c642147dd3c0nZ80t-7FlFY,销售经理,10-15K,1-3年 | 本科,1-3年,本科,北京,,,海量数据,100-499人,,对企业/机构（To B）销售经验 | 医疗 | 医院 | IT,,黎虹,招聘专家
39081b31e6b695010nV-2dS7FlJV,大客户销售,12-24K,3-5年 | 本科,3-5年,本科,广州,天河区,棠下,海量数据,100-499人,,医疗 | IT | 数据库 | 党政,,黎虹,招聘专家
f747f281d8acc9e803B93N-0EFNY,大客户销售经理,15-25K,3-5年 | 本科,3-5年,本科,北京,,,海量数据,100-499人,,医疗 | 部委 | 党政 | IT | 数据库,,黎虹,招聘专家
a61c6ad281f8af510nd62tm6GFFQ,销售经理,12-18K,3-5年 | 本科,3-5年,本科,郑州,二七区,京广路,海量数据,100-499人,,对企业/机构（To B）销售经验 | IT | 数据库 | 软件,,黎虹,招聘专家
